ProjName, Classifier Name, Training%, Feature Selection, Sampling, Cost Sensitive, Precision, Recall, Kappa, TP, FP, TN, FN, areaUnderROC, fMeasure
STORM,RandomForest,53.22508896797153,no,no,no,0.7286821705426356,0.5856697819314641,0.5941933515272322,188.0,1712.0,70.0,133.0,0.9428002769124264,0.6493955094991364
STORM,RandomForest,53.22508896797153,featureSelection,no,no,0.5785714285714286,0.2523364485981308,0.2851354531532977,81.0,1723.0,59.0,240.0,0.860268486177105,0.351409978308026
STORM,RandomForest,53.22508896797153,no,sampling,no,0.6923076923076923,0.7009345794392523,0.6415407413591585,225.0,1682.0,100.0,96.0,0.948623479516522,0.6965944272445821
STORM,RandomForest,53.22508896797153,no,no,costSensitive,0.5780590717299579,0.8535825545171339,0.6201742205374906,274.0,1582.0,200.0,47.0,0.9466550237578275,0.6893081761006289
STORM,RandomForest,53.22508896797153,featureSelection,sampling,no,0.41454545454545455,0.7102803738317757,0.4097542764739659,228.0,1460.0,322.0,93.0,0.8533212009328313,0.52353616532721
STORM,RandomForest,53.22508896797153,featureSelection,no,costSensitive,0.42725880551301687,0.8691588785046729,0.4629856067414076,279.0,1408.0,374.0,42.0,0.8543919639454427,0.5728952772073922
STORM,NaiveBayes,53.22508896797153,no,no,no,0.4044943820224719,0.4485981308411215,0.31552763226261477,144.0,1570.0,212.0,177.0,0.8313814853274875,0.4254062038404727
STORM,NaiveBayes,53.22508896797153,featureSelection,no,no,0.556390977443609,0.23052959501557632,0.259793231007067,74.0,1723.0,59.0,247.0,0.8444640241109608,0.32599118942731276
STORM,NaiveBayes,53.22508896797153,no,sampling,no,0.4086294416243655,0.5015576323987538,0.3391852702932845,161.0,1549.0,233.0,160.0,0.8162631856816696,0.45034965034965035
STORM,NaiveBayes,53.22508896797153,no,no,costSensitive,0.42010309278350516,0.5077881619937694,0.3514543078480206,163.0,1557.0,225.0,158.0,0.7978853960162371,0.45980253878702393
STORM,NaiveBayes,53.22508896797153,featureSelection,sampling,no,0.5398773006134969,0.27414330218068533,0.29071425286299046,88.0,1707.0,75.0,233.0,0.8473747513207533,0.3636363636363636
STORM,NaiveBayes,53.22508896797153,featureSelection,no,costSensitive,0.5030487804878049,0.514018691588785,0.4188045961476981,165.0,1619.0,163.0,156.0,0.8409440545992987,0.5084745762711864
STORM,IBk,53.22508896797153,no,no,no,0.6617647058823529,0.7009345794392523,0.6213245741818376,225.0,1667.0,115.0,96.0,0.8725844460527742,0.6807866868381242
STORM,IBk,53.22508896797153,featureSelection,no,no,0.5743243243243243,0.26479750778816197,0.2945098738795748,85.0,1719.0,63.0,236.0,0.8499664348574006,0.3624733475479744
STORM,IBk,53.22508896797153,no,sampling,no,0.6275510204081632,0.7663551401869159,0.627526597343271,246.0,1636.0,146.0,75.0,0.8804110681057722,0.6900420757363254
STORM,IBk,53.22508896797153,no,no,costSensitive,0.6441176470588236,0.6822429906542056,0.599788531007345,219.0,1661.0,121.0,102.0,0.8570972794752649,0.6626323751891074
STORM,IBk,53.22508896797153,featureSelection,sampling,no,0.4116666666666667,0.7694704049844237,0.42127833169960244,247.0,1429.0,353.0,74.0,0.8494271199359466,0.5363735070575462
STORM,IBk,53.22508896797153,featureSelection,no,costSensitive,0.4228395061728395,0.8535825545171339,0.4540831710127876,274.0,1408.0,374.0,47.0,0.8441650845596848,0.565531475748194
STORM,RandomForest,59.81109485166955,no,no,no,0.7733333333333333,0.5742574257425742,0.6024529220565592,290.0,2431.0,85.0,215.0,0.9343807552456358,0.6590909090909091
STORM,RandomForest,59.81109485166955,featureSelection,no,no,0.6077844311377245,0.401980198019802,0.4046759651368805,203.0,2385.0,131.0,302.0,0.86645547702624,0.4839094159713945
STORM,RandomForest,59.81109485166955,no,sampling,no,0.6852589641434262,0.6811881188118812,0.6198616479568871,344.0,2358.0,158.0,161.0,0.9374321176155771,0.6832174776564052
STORM,RandomForest,59.81109485166955,no,no,costSensitive,0.5942857142857143,0.8237623762376237,0.6158486758110732,416.0,2232.0,284.0,89.0,0.9370519762628091,0.6904564315352697
STORM,RandomForest,59.81109485166955,featureSelection,sampling,no,0.5548902195608783,0.5504950495049505,0.4633289592738744,278.0,2293.0,223.0,227.0,0.8645201404083175,0.5526838966202784
STORM,RandomForest,59.81109485166955,featureSelection,no,costSensitive,0.36311941510966694,0.8851485148514852,0.36426163904041503,447.0,1732.0,784.0,58.0,0.8660111917392057,0.5149769585253456
STORM,NaiveBayes,59.81109485166955,no,no,no,0.6486486486486487,0.2851485148514851,0.3274911804840348,144.0,2438.0,78.0,361.0,0.7575800028333517,0.39614855570839064
STORM,NaiveBayes,59.81109485166955,featureSelection,no,no,0.6158940397350994,0.3683168316831683,0.38388186749945036,186.0,2400.0,116.0,319.0,0.774203119835036,0.46096654275092935
STORM,NaiveBayes,59.81109485166955,no,sampling,no,0.6425531914893617,0.299009900990099,0.3378017105480461,151.0,2432.0,84.0,354.0,0.7633073084732956,0.4081081081081081
STORM,NaiveBayes,59.81109485166955,no,no,costSensitive,0.6425531914893617,0.299009900990099,0.3378017105480461,151.0,2432.0,84.0,354.0,0.7574162980685986,0.4081081081081081
STORM,NaiveBayes,59.81109485166955,featureSelection,sampling,no,0.6043360433604336,0.4415841584158416,0.4298149990474777,223.0,2370.0,146.0,282.0,0.7560834422074958,0.5102974828375286
STORM,NaiveBayes,59.81109485166955,featureSelection,no,costSensitive,0.4401154401154401,0.6039603960396039,0.3915007666410433,305.0,2128.0,388.0,200.0,0.7779781674510853,0.5091819699499165
STORM,IBk,59.81109485166955,no,no,no,0.6282828282828283,0.6158415841584158,0.5470387338608913,311.0,2332.0,184.0,194.0,0.7958837696170253,0.622
STORM,IBk,59.81109485166955,featureSelection,no,no,0.6190476190476191,0.3603960396039604,0.37919936282353073,182.0,2404.0,112.0,323.0,0.8441436194493853,0.45556946182728414
STORM,IBk,59.81109485166955,no,sampling,no,0.6079854809437386,0.6633663366336634,0.5572308713405573,335.0,2300.0,216.0,170.0,0.806754395630342,0.634469696969697
STORM,IBk,59.81109485166955,no,no,costSensitive,0.6304801670146137,0.598019801980198,0.5387552764824576,302.0,2339.0,177.0,203.0,0.7883557115647972,0.6138211382113821
STORM,IBk,59.81109485166955,featureSelection,sampling,no,0.56,0.499009900990099,0.43944037472922853,252.0,2318.0,198.0,253.0,0.8369272300838987,0.5277486910994764
STORM,IBk,59.81109485166955,featureSelection,no,costSensitive,0.35046335299073295,0.8237623762376237,0.335986599404702,416.0,1745.0,771.0,89.0,0.8389471737316816,0.49172576832151305
STORM,RandomForest,89.09565011259926,no,no,no,0.8151815181518152,0.8288590604026845,0.7356123029983992,247.0,566.0,56.0,51.0,0.9554290122790737,0.821963394342762
STORM,RandomForest,89.09565011259926,featureSelection,no,no,0.8070739549839229,0.8422818791946308,0.737440121197896,251.0,562.0,60.0,47.0,0.9575627441248192,0.8243021346469622
STORM,RandomForest,89.09565011259926,no,sampling,no,0.7747747747747747,0.8657718120805369,0.7230743459005581,258.0,547.0,75.0,40.0,0.9542448045922441,0.8177496038034866
STORM,RandomForest,89.09565011259926,no,no,costSensitive,0.6766743648960739,0.9832214765100671,0.6781291922828216,293.0,482.0,140.0,5.0,0.9532251451261357,0.8016415868673051
STORM,RandomForest,89.09565011259926,featureSelection,sampling,no,0.7867867867867868,0.8791946308724832,0.7423387392292148,262.0,551.0,71.0,36.0,0.9547789119316342,0.8304278922345484
STORM,RandomForest,89.09565011259926,featureSelection,no,costSensitive,0.6919431279620853,0.9798657718120806,0.6954887950000973,292.0,492.0,130.0,6.0,0.9507892919570988,0.8111111111111112
STORM,NaiveBayes,89.09565011259926,no,no,no,0.8321678321678322,0.39932885906040266,0.41727094592064695,119.0,598.0,24.0,179.0,0.8280821769999352,0.5396825396825398
STORM,NaiveBayes,89.09565011259926,featureSelection,no,no,0.8020304568527918,0.5302013422818792,0.51276376676095,158.0,583.0,39.0,140.0,0.87645935389197,0.6383838383838384
STORM,NaiveBayes,89.09565011259926,no,sampling,no,0.7922077922077922,0.40939597315436244,0.40948478040832437,122.0,590.0,32.0,176.0,0.8278528884956516,0.5398230088495575
STORM,NaiveBayes,89.09565011259926,no,no,costSensitive,0.7834394904458599,0.412751677852349,0.4084201976445107,123.0,588.0,34.0,175.0,0.8299002999633138,0.5406593406593407
STORM,NaiveBayes,89.09565011259926,featureSelection,sampling,no,0.7699530516431925,0.5503355704697986,0.5094005338430874,164.0,573.0,49.0,134.0,0.8792162109670041,0.6418786692759296
STORM,NaiveBayes,89.09565011259926,featureSelection,no,costSensitive,0.7554585152838428,0.5805369127516778,0.5219832585056665,173.0,566.0,56.0,125.0,0.8715714624830057,0.6565464895635674
STORM,IBk,89.09565011259926,no,no,no,0.7916666666666666,0.7651006711409396,0.6745330256454914,228.0,562.0,60.0,70.0,0.8711452556162196,0.7781569965870307
STORM,IBk,89.09565011259926,featureSelection,no,no,0.7840531561461794,0.7919463087248322,0.685646947406937,236.0,557.0,65.0,62.0,0.8756231252292885,0.7879799666110183
STORM,IBk,89.09565011259926,no,sampling,no,0.7767295597484277,0.8288590604026845,0.7024327133131137,247.0,551.0,71.0,51.0,0.8848567081723818,0.801948051948052
STORM,IBk,89.09565011259926,no,no,costSensitive,0.7857142857142857,0.7751677852348994,0.6762457500487257,231.0,559.0,63.0,67.0,0.8744335225188287,0.7804054054054054
STORM,IBk,89.09565011259926,featureSelection,sampling,no,0.7834394904458599,0.825503355704698,0.7063017430353076,246.0,554.0,68.0,52.0,0.8914844947020868,0.8039215686274511
STORM,IBk,89.09565011259926,featureSelection,no,costSensitive,0.7986348122866894,0.785234899328859,0.6934097731730844,234.0,563.0,59.0,64.0,0.8778674550594532,0.7918781725888325
STORM,RandomForest,88.52166614206274,no,no,no,0.7330827067669173,0.7442748091603053,0.6555101221226336,195.0,761.0,71.0,67.0,0.9337451372577804,0.7386363636363636
STORM,RandomForest,88.52166614206274,featureSelection,no,no,0.7384615384615385,0.732824427480916,0.6528006476123892,192.0,764.0,68.0,70.0,0.9346580482971227,0.7356321839080461
STORM,RandomForest,88.52166614206274,no,sampling,no,0.6996587030716723,0.7824427480916031,0.6503158906440819,205.0,744.0,88.0,57.0,0.9299765120375807,0.7387387387387387
STORM,RandomForest,88.52166614206274,no,no,costSensitive,0.5916870415647921,0.9236641221374046,0.6063975927258455,242.0,665.0,167.0,20.0,0.9306394047269524,0.7213114754098361
STORM,RandomForest,88.52166614206274,featureSelection,sampling,no,0.7093425605536332,0.7824427480916031,0.6582446749586802,205.0,748.0,84.0,57.0,0.9342497614503816,0.7441016333938294
STORM,RandomForest,88.52166614206274,featureSelection,no,costSensitive,0.6233766233766234,0.916030534351145,0.6389924082848888,240.0,687.0,145.0,22.0,0.9347268606870229,0.7418856259659969
STORM,NaiveBayes,88.52166614206274,no,no,no,0.26175213675213677,0.9351145038167938,0.05559484385745012,245.0,141.0,691.0,17.0,0.7330216896652966,0.40901502504173626
STORM,NaiveBayes,88.52166614206274,featureSelection,no,no,0.51953125,0.5076335877862596,0.3626418339698715,133.0,709.0,123.0,129.0,0.8017239797416325,0.5135135135135136
STORM,NaiveBayes,88.52166614206274,no,sampling,no,0.2546583850931677,0.9389312977099237,0.03829689649900627,246.0,112.0,720.0,16.0,0.7500825748678802,0.40065146579804556
STORM,NaiveBayes,88.52166614206274,no,no,costSensitive,0.2515090543259557,0.9541984732824428,0.030642000543829942,250.0,88.0,744.0,12.0,0.7472268606870229,0.39808917197452226
STORM,NaiveBayes,88.52166614206274,featureSelection,sampling,no,0.47506561679790027,0.6908396946564885,0.3898070258317819,181.0,632.0,200.0,81.0,0.8042218694950088,0.5629860031104199
STORM,NaiveBayes,88.52166614206274,featureSelection,no,costSensitive,0.3014705882352941,0.9389312977099237,0.14720890511181933,246.0,262.0,570.0,16.0,0.7915282773047563,0.45640074211502785
STORM,IBk,88.52166614206274,no,no,no,0.6801470588235294,0.7061068702290076,0.5937763206752584,185.0,745.0,87.0,77.0,0.8328363549618321,0.6928838951310862
STORM,IBk,88.52166614206274,featureSelection,no,no,0.720754716981132,0.7290076335877863,0.6375646022875264,191.0,758.0,74.0,71.0,0.8521680490311215,0.7248576850094877
STORM,IBk,88.52166614206274,no,sampling,no,0.6689419795221843,0.7480916030534351,0.6069068287930024,196.0,735.0,97.0,66.0,0.8429219575748679,0.7063063063063063
STORM,IBk,88.52166614206274,no,no,costSensitive,0.7164750957854407,0.7137404580152672,0.6256161029678592,187.0,758.0,74.0,75.0,0.8549228383734586,0.7151051625239004
STORM,IBk,88.52166614206274,featureSelection,sampling,no,0.6959459459459459,0.7862595419847328,0.6492265256463189,206.0,742.0,90.0,56.0,0.8610081473869642,0.7383512544802867
STORM,IBk,88.52166614206274,featureSelection,no,costSensitive,0.7180451127819549,0.7290076335877863,0.6355396944195981,191.0,757.0,75.0,71.0,0.8482962052260716,0.7234848484848485
STORM,RandomForest,69.63542047198071,no,no,no,0.7607361963190185,0.33604336043360433,0.43544978758290337,124.0,3748.0,39.0,245.0,0.9201980387905279,0.46616541353383456
STORM,RandomForest,69.63542047198071,featureSelection,no,no,0.6108108108108108,0.3062330623306233,0.37062109226028583,113.0,3715.0,72.0,256.0,0.8992702892436899,0.40794223826714804
STORM,RandomForest,69.63542047198071,no,sampling,no,0.6706827309236948,0.45257452574525747,0.5050401610972868,167.0,3705.0,82.0,202.0,0.9267648631067773,0.540453074433657
STORM,RandomForest,69.63542047198071,no,no,costSensitive,0.5396419437340153,0.5718157181571816,0.5105480762731178,211.0,3607.0,180.0,158.0,0.927442190978551,0.5552631578947369
STORM,RandomForest,69.63542047198071,featureSelection,sampling,no,0.5675675675675675,0.3983739837398374,0.4261249052226165,147.0,3675.0,112.0,222.0,0.90883159689796,0.46815286624203817
STORM,RandomForest,69.63542047198071,featureSelection,no,costSensitive,0.4596949891067538,0.5718157181571816,0.4561236915884536,211.0,3539.0,248.0,158.0,0.9090180141304978,0.5096618357487923
STORM,NaiveBayes,69.63542047198071,no,no,no,0.12993039443155452,0.15176151761517614,0.04902149250911798,56.0,3412.0,375.0,313.0,0.6401174178100376,0.13999999999999999
STORM,NaiveBayes,69.63542047198071,featureSelection,no,no,0.25766871165644173,0.11382113821138211,0.10944191844063555,42.0,3666.0,121.0,327.0,0.6886660469456556,0.15789473684210525
STORM,NaiveBayes,69.63542047198071,no,sampling,no,0.1266294227188082,0.1842818428184282,0.050136092584511995,68.0,3318.0,469.0,301.0,0.645904223763653,0.1501103752759382
STORM,NaiveBayes,69.63542047198071,no,no,costSensitive,0.12384473197781885,0.18157181571815717,0.04660357311994965,67.0,3313.0,474.0,302.0,0.6458849022078813,0.14725274725274726
STORM,NaiveBayes,69.63542047198071,featureSelection,sampling,no,0.23954372623574144,0.17073170731707318,0.1354829479818688,63.0,3587.0,200.0,306.0,0.6730717624049755,0.19936708860759494
STORM,NaiveBayes,69.63542047198071,featureSelection,no,costSensitive,0.2054176072234763,0.24661246612466126,0.1409104063407024,91.0,3435.0,352.0,278.0,0.6770874257461877,0.22413793103448276
STORM,IBk,69.63542047198071,no,no,no,0.44385026737967914,0.44986449864498645,0.39253941113042584,166.0,3579.0,208.0,203.0,0.7484419312109678,0.4468371467025572
STORM,IBk,69.63542047198071,featureSelection,no,no,0.4454022988505747,0.42005420054200543,0.37881946127619687,155.0,3594.0,193.0,214.0,0.7513605595522551,0.4323570432357043
STORM,IBk,69.63542047198071,no,sampling,no,0.43333333333333335,0.4932249322493225,0.4051107329973418,182.0,3549.0,238.0,187.0,0.759053401202087,0.46134347275031684
STORM,IBk,69.63542047198071,no,no,costSensitive,0.46218487394957986,0.44715447154471544,0.4023596570544595,165.0,3595.0,192.0,204.0,0.7485564293192444,0.4545454545454546
STORM,IBk,69.63542047198071,featureSelection,sampling,no,0.4534005037783375,0.4878048780487805,0.41624972755672857,180.0,3570.0,217.0,189.0,0.7621409142530823,0.46997389033942555
STORM,IBk,69.63542047198071,featureSelection,no,costSensitive,0.4367816091954023,0.41192411924119243,0.3696620086168776,152.0,3591.0,196.0,217.0,0.7388040529467877,0.42398884239888424
STORM,RandomForest,90.49256198347108,no,no,no,0.0,0.0,-0.0038489113618353373,0.0,1401.0,3.0,34.0,0.8590162560750796,0.0
STORM,RandomForest,90.49256198347108,featureSelection,no,no,0.3,0.08823529411764706,0.1269810838445789,3.0,1397.0,7.0,31.0,0.8336056644880174,0.13636363636363635
STORM,RandomForest,90.49256198347108,no,sampling,no,0.18181818181818182,0.058823529411764705,0.07823395140864625,2.0,1395.0,9.0,32.0,0.8692077258253729,0.08888888888888888
STORM,RandomForest,90.49256198347108,no,no,costSensitive,0.125,0.058823529411764705,0.06586454273286887,2.0,1390.0,14.0,32.0,0.8784879336349924,0.07999999999999999
STORM,RandomForest,90.49256198347108,featureSelection,sampling,no,0.47058823529411764,0.23529411764705882,0.30273475381674314,8.0,1395.0,9.0,26.0,0.8435981230098877,0.3137254901960785
STORM,RandomForest,90.49256198347108,featureSelection,no,costSensitive,0.25,0.20588235294117646,0.2089121166276996,7.0,1383.0,21.0,27.0,0.8467823026646556,0.22580645161290322
STORM,NaiveBayes,90.49256198347108,no,no,no,0.02667893284268629,0.8529411764705882,0.00616872182367389,29.0,346.0,1058.0,5.0,0.7377450980392157,0.05173951828724353
STORM,NaiveBayes,90.49256198347108,featureSelection,no,no,0.11538461538461539,0.2647058823529412,0.1321331347270015,9.0,1335.0,69.0,25.0,0.8580107256577845,0.16071428571428573
STORM,NaiveBayes,90.49256198347108,no,sampling,no,0.024534686971235193,0.8529411764705882,0.0018150952625294392,29.0,251.0,1153.0,5.0,0.7167127534774593,0.04769736842105263
STORM,NaiveBayes,90.49256198347108,no,no,costSensitive,0.025768911055694097,0.9117647058823529,0.0043323461021259856,31.0,232.0,1172.0,3.0,0.7271660801072566,0.05012126111560226
STORM,NaiveBayes,90.49256198347108,featureSelection,sampling,no,0.10638297872340426,0.29411764705882354,0.1258949074699451,10.0,1320.0,84.0,24.0,0.8447083961789844,0.15625
STORM,NaiveBayes,90.49256198347108,featureSelection,no,costSensitive,0.09401709401709402,0.3235294117647059,0.11320285684236674,11.0,1298.0,106.0,23.0,0.8268916540975364,0.14569536423841062
STORM,IBk,90.49256198347108,no,no,no,0.17142857142857143,0.17647058823529413,0.15361103653373556,6.0,1375.0,29.0,28.0,0.7119574325456678,0.1739130434782609
STORM,IBk,90.49256198347108,featureSelection,no,no,0.13333333333333333,0.11764705882352941,0.10516490354698167,4.0,1378.0,26.0,30.0,0.678523546170605,0.125
STORM,IBk,90.49256198347108,no,sampling,no,0.15384615384615385,0.17647058823529413,0.14272590449756806,6.0,1371.0,33.0,28.0,0.7164823194234959,0.1643835616438356
STORM,IBk,90.49256198347108,no,no,costSensitive,0.13333333333333333,0.11764705882352941,0.10516490354698167,4.0,1378.0,26.0,30.0,0.638899363164069,0.125
STORM,IBk,90.49256198347108,featureSelection,sampling,no,0.16279069767441862,0.20588235294117646,0.15962598096510136,7.0,1368.0,36.0,27.0,0.7500314228255405,0.18181818181818182
STORM,IBk,90.49256198347108,featureSelection,no,costSensitive,0.1,0.08823529411764706,0.07320650724508834,3.0,1377.0,27.0,31.0,0.6600783475783476,0.09375000000000001
STORM,RandomForest,91.67777912474239,no,no,no,0.7887323943661971,0.6473988439306358,0.6740869619655521,112.0,1170.0,30.0,61.0,0.9579166666666666,0.7111111111111111
STORM,RandomForest,91.67777912474239,featureSelection,no,no,0.6666666666666666,0.5433526011560693,0.5475236441245397,94.0,1153.0,47.0,79.0,0.9463318882466282,0.5987261146496815
STORM,RandomForest,91.67777912474239,no,sampling,no,0.7352941176470589,0.7225433526011561,0.6901647339724691,125.0,1155.0,45.0,48.0,0.9601902697495183,0.728862973760933
STORM,RandomForest,91.67777912474239,no,no,costSensitive,0.6008771929824561,0.791907514450867,0.630323202985043,137.0,1109.0,91.0,36.0,0.9589210019267823,0.6832917705735659
STORM,RandomForest,91.67777912474239,featureSelection,sampling,no,0.6228571428571429,0.630057803468208,0.5722269888365358,109.0,1134.0,66.0,64.0,0.9372711946050096,0.6264367816091954
STORM,RandomForest,91.67777912474239,featureSelection,no,costSensitive,0.5443548387096774,0.7803468208092486,0.578804408552999,135.0,1087.0,113.0,38.0,0.9441136801541425,0.6413301662707839
STORM,NaiveBayes,91.67777912474239,no,no,no,0.6236559139784946,0.3352601156069364,0.3816058131155415,58.0,1165.0,35.0,115.0,0.8520086705202312,0.43609022556390975
STORM,NaiveBayes,91.67777912474239,featureSelection,no,no,0.5401459854014599,0.4277456647398844,0.411926139788699,74.0,1137.0,63.0,99.0,0.9073940269749519,0.4774193548387097
STORM,NaiveBayes,91.67777912474239,no,sampling,no,0.6122448979591837,0.3468208092485549,0.3869357581134027,60.0,1162.0,38.0,113.0,0.848140655105973,0.4428044280442804
STORM,NaiveBayes,91.67777912474239,no,no,costSensitive,0.5918367346938775,0.3352601156069364,0.3706956457455462,58.0,1160.0,40.0,115.0,0.8421700385356454,0.4280442804428044
STORM,NaiveBayes,91.67777912474239,featureSelection,sampling,no,0.5510204081632653,0.4682080924855491,0.44160845100875656,81.0,1134.0,66.0,92.0,0.9030756262042389,0.50625
STORM,NaiveBayes,91.67777912474239,featureSelection,no,costSensitive,0.5028901734104047,0.5028901734104047,0.4312235067437378,87.0,1114.0,86.0,86.0,0.9066305394990366,0.5028901734104047
STORM,IBk,91.67777912474239,no,no,no,0.6023391812865497,0.5953757225433526,0.5413873061823179,103.0,1132.0,68.0,70.0,0.8243015414258189,0.5988372093023255
STORM,IBk,91.67777912474239,featureSelection,no,no,0.5892857142857143,0.5722543352601156,0.521200297513809,99.0,1131.0,69.0,74.0,0.8180105973025048,0.5806451612903226
STORM,IBk,91.67777912474239,no,sampling,no,0.6203208556149733,0.6705202312138728,0.5908915261023611,116.0,1129.0,71.0,57.0,0.8655370905587668,0.6444444444444444
STORM,IBk,91.67777912474239,no,no,costSensitive,0.6415094339622641,0.5895953757225434,0.5615410331768217,102.0,1143.0,57.0,71.0,0.834349710982659,0.6144578313253013
STORM,IBk,91.67777912474239,featureSelection,sampling,no,0.6084656084656085,0.6647398843930635,0.580114542017274,115.0,1126.0,74.0,58.0,0.8611729287090559,0.6353591160220995
STORM,IBk,91.67777912474239,featureSelection,no,costSensitive,0.5930232558139535,0.5895953757225434,0.5325793810798871,102.0,1130.0,70.0,71.0,0.8375722543352602,0.591304347826087
STORM,RandomForest,84.12196614317764,no,no,no,0.4444444444444444,0.037037037037037035,0.06337853275716357,4.0,3001.0,5.0,104.0,0.8214188906138341,0.06837606837606837
STORM,RandomForest,84.12196614317764,featureSelection,no,no,0.25925925925925924,0.06481481481481481,0.09109461161043837,7.0,2986.0,20.0,101.0,0.7672648530100293,0.10370370370370369
STORM,RandomForest,84.12196614317764,no,sampling,no,0.11538461538461539,0.027777777777777776,0.031744643637953096,3.0,2983.0,23.0,105.0,0.8450845223133979,0.04477611940298508
STORM,RandomForest,84.12196614317764,no,no,costSensitive,0.2608695652173913,0.1111111111111111,0.13798390187811513,12.0,2972.0,34.0,96.0,0.8615977920701806,0.15584415584415584
STORM,RandomForest,84.12196614317764,featureSelection,sampling,no,0.2,0.08333333333333333,0.09927108642832538,9.0,2970.0,36.0,99.0,0.7712414676819201,0.11764705882352941
STORM,RandomForest,84.12196614317764,featureSelection,no,costSensitive,0.1686746987951807,0.12962962962962962,0.12007364183854968,14.0,2937.0,69.0,94.0,0.7463160099553978,0.14659685863874344
STORM,NaiveBayes,84.12196614317764,no,no,no,0.035727860129228434,0.8703703703703703,0.0021525069244248602,94.0,469.0,2537.0,14.0,0.6294833173159853,0.06863818912011684
STORM,NaiveBayes,84.12196614317764,featureSelection,no,no,0.12686567164179105,0.1574074074074074,0.10616523423915744,17.0,2889.0,117.0,91.0,0.6721510682339026,0.14049586776859505
STORM,NaiveBayes,84.12196614317764,no,sampling,no,0.03707742639040349,0.9444444444444444,0.00493939492412181,102.0,357.0,2649.0,6.0,0.5993429807052562,0.07135362014690451
STORM,NaiveBayes,84.12196614317764,no,no,costSensitive,0.03482417207237965,0.9444444444444444,2.9372589254935376E-4,102.0,179.0,2827.0,6.0,0.6125603730809985,0.06717155087257162
STORM,NaiveBayes,84.12196614317764,featureSelection,sampling,no,0.11585365853658537,0.17592592592592593,0.10215578424414437,19.0,2861.0,145.0,89.0,0.6647399645154136,0.13970588235294118
STORM,NaiveBayes,84.12196614317764,featureSelection,no,costSensitive,0.099601593625498,0.23148148148148148,0.09540570268212156,25.0,2780.0,226.0,83.0,0.6576584485350288,0.13927576601671307
STORM,IBk,84.12196614317764,no,no,no,0.11827956989247312,0.10185185185185185,0.07992393855661506,11.0,2924.0,82.0,97.0,0.5957098149380252,0.10945273631840795
STORM,IBk,84.12196614317764,featureSelection,no,no,0.1650485436893204,0.1574074074074074,0.13173788527518698,17.0,2920.0,86.0,91.0,0.6531566496636357,0.16113744075829387
STORM,IBk,84.12196614317764,no,sampling,no,0.11382113821138211,0.12962962962962962,0.08751006833476285,14.0,2897.0,109.0,94.0,0.6276644242379439,0.12121212121212122
STORM,IBk,84.12196614317764,no,no,costSensitive,0.1348314606741573,0.1111111111111111,0.09341774452488409,12.0,2929.0,77.0,96.0,0.6106228900224243,0.12182741116751268
STORM,IBk,84.12196614317764,featureSelection,sampling,no,0.1484375,0.17592592592592593,0.12821948488241872,19.0,2897.0,109.0,89.0,0.6638728715408688,0.16101694915254236
STORM,IBk,84.12196614317764,featureSelection,no,costSensitive,0.1650485436893204,0.1574074074074074,0.13173788527518698,17.0,2920.0,86.0,91.0,0.650422919592913,0.16113744075829387
STORM,RandomForest,92.67117138401927,no,no,no,0.42857142857142855,0.08571428571428572,0.1297652816308709,6.0,1473.0,8.0,64.0,0.8456834185395968,0.14285714285714285
STORM,RandomForest,92.67117138401927,featureSelection,no,no,0.6190476190476191,0.18571428571428572,0.27051902663511834,13.0,1473.0,8.0,57.0,0.8591058165332305,0.28571428571428575
STORM,RandomForest,92.67117138401927,no,sampling,no,0.36,0.12857142857142856,0.16975216378741037,9.0,1465.0,16.0,61.0,0.8880920227645414,0.1894736842105263
STORM,RandomForest,92.67117138401927,no,no,costSensitive,0.2608695652173913,0.17142857142857143,0.17745394175563312,12.0,1447.0,34.0,58.0,0.8704977331918587,0.20689655172413796
STORM,RandomForest,92.67117138401927,featureSelection,sampling,no,0.3448275862068966,0.14285714285714285,0.18034771789228785,10.0,1462.0,19.0,60.0,0.869055657374361,0.20202020202020202
STORM,RandomForest,92.67117138401927,featureSelection,no,costSensitive,0.3235294117647059,0.3142857142857143,0.2871336508278009,22.0,1435.0,46.0,48.0,0.8679270762997975,0.31884057971014496
STORM,NaiveBayes,92.67117138401927,no,no,no,0.047885075818036714,0.8571428571428571,0.005701943936568817,60.0,288.0,1193.0,10.0,0.7618018713224655,0.090702947845805
STORM,NaiveBayes,92.67117138401927,featureSelection,no,no,0.27184466019417475,0.4,0.2852900517126621,28.0,1406.0,75.0,42.0,0.8624867367608758,0.3236994219653179
STORM,NaiveBayes,92.67117138401927,no,sampling,no,0.049206349206349205,0.8857142857142857,0.008441341581717837,62.0,283.0,1198.0,8.0,0.763499565930356,0.0932330827067669
STORM,NaiveBayes,92.67117138401927,no,no,costSensitive,0.04813664596273292,0.8857142857142857,0.006232807078940251,62.0,255.0,1226.0,8.0,0.7589466576637407,0.09131075110456555
STORM,NaiveBayes,92.67117138401927,featureSelection,sampling,no,0.2644628099173554,0.45714285714285713,0.2947501083060926,32.0,1392.0,89.0,38.0,0.858787498794251,0.33507853403141363
STORM,NaiveBayes,92.67117138401927,featureSelection,no,costSensitive,0.21518987341772153,0.4857142857142857,0.25142078019233316,34.0,1357.0,124.0,36.0,0.869460789042153,0.2982456140350877
STORM,IBk,92.67117138401927,no,no,no,0.352112676056338,0.35714285714285715,0.32387868800628467,25.0,1435.0,46.0,45.0,0.7472557152503135,0.35460992907801414
STORM,IBk,92.67117138401927,featureSelection,no,no,0.3384615384615385,0.3142857142857143,0.2952991986419349,22.0,1438.0,43.0,48.0,0.723603742644931,0.32592592592592595
STORM,IBk,92.67117138401927,no,sampling,no,0.2413793103448276,0.3,0.22894863115848932,21.0,1415.0,66.0,49.0,0.7273897945403685,0.26751592356687903
STORM,IBk,92.67117138401927,no,no,costSensitive,0.3611111111111111,0.37142857142857144,0.33579809860964444,26.0,1435.0,46.0,44.0,0.7464695668949551,0.3661971830985915
STORM,IBk,92.67117138401927,featureSelection,sampling,no,0.24509803921568626,0.35714285714285715,0.25058219666365633,25.0,1404.0,77.0,45.0,0.7402189640204495,0.29069767441860467
STORM,IBk,92.67117138401927,featureSelection,no,costSensitive,0.38461538461538464,0.35714285714285715,0.34176298774246633,25.0,1441.0,40.0,45.0,0.747275007234494,0.3703703703703704
STORM,RandomForest,93.1224148552319,no,no,no,0.42857142857142855,0.14285714285714285,0.1925894618202312,12.0,1463.0,16.0,72.0,0.8766702083132103,0.21428571428571427
STORM,RandomForest,93.1224148552319,featureSelection,no,no,0.5714285714285714,0.14285714285714285,0.21162360589586995,12.0,1470.0,9.0,72.0,0.8689872500724428,0.2285714285714286
STORM,RandomForest,93.1224148552319,no,sampling,no,0.3404255319148936,0.19047619047619047,0.21396241942120484,16.0,1448.0,31.0,68.0,0.876086641553173,0.24427480916030528
STORM,RandomForest,93.1224148552319,no,no,costSensitive,0.3103448275862069,0.21428571428571427,0.21924392795543843,18.0,1439.0,40.0,66.0,0.8593684600276892,0.2535211267605634
STORM,RandomForest,93.1224148552319,featureSelection,sampling,no,0.4090909090909091,0.21428571428571427,0.25367463876432506,18.0,1453.0,26.0,66.0,0.859919830000966,0.28125
STORM,RandomForest,93.1224148552319,featureSelection,no,costSensitive,0.38095238095238093,0.38095238095238093,0.3457934898097172,32.0,1427.0,52.0,52.0,0.8703878102965324,0.38095238095238093
STORM,NaiveBayes,93.1224148552319,no,no,no,0.05752561071710008,0.8690476190476191,0.007891469419372734,73.0,283.0,1196.0,11.0,0.7510624939631024,0.10790835181079084
STORM,NaiveBayes,93.1224148552319,featureSelection,no,no,0.29245283018867924,0.36904761904761907,0.28334085584714236,31.0,1404.0,75.0,53.0,0.867675231011945,0.3263157894736842
STORM,NaiveBayes,93.1224148552319,no,sampling,no,0.05845674201091192,0.8928571428571429,0.009841354615145589,75.0,271.0,1208.0,9.0,0.7508290672590875,0.1097293343087052
STORM,NaiveBayes,93.1224148552319,no,no,costSensitive,0.05963302752293578,0.9285714285714286,0.01231318559964663,78.0,249.0,1230.0,6.0,0.7926768408512831,0.11206896551724138
STORM,NaiveBayes,93.1224148552319,featureSelection,sampling,no,0.2932330827067669,0.4642857142857143,0.3142724578397675,39.0,1385.0,94.0,45.0,0.8452582182298206,0.3594470046082949
STORM,NaiveBayes,93.1224148552319,featureSelection,no,costSensitive,0.23076923076923078,0.5,0.2614763929778649,42.0,1339.0,140.0,42.0,0.8690878650310699,0.3157894736842105
STORM,IBk,93.1224148552319,no,no,no,0.4024390243902439,0.39285714285714285,0.3638117566610497,33.0,1430.0,49.0,51.0,0.751420683215815,0.39759036144578314
STORM,IBk,93.1224148552319,featureSelection,no,no,0.37333333333333335,0.3333333333333333,0.31760322486298104,28.0,1432.0,47.0,56.0,0.7549703789561801,0.3522012578616352
STORM,IBk,93.1224148552319,no,sampling,no,0.31896551724137934,0.44047619047619047,0.32811348563006615,37.0,1400.0,79.0,47.0,0.7851910879294246,0.37000000000000005
STORM,IBk,93.1224148552319,no,no,costSensitive,0.36046511627906974,0.36904761904761907,0.32817537072856223,31.0,1424.0,55.0,53.0,0.7331329083357481,0.3647058823529412
STORM,IBk,93.1224148552319,featureSelection,sampling,no,0.3490566037735849,0.44047619047619047,0.3505276506114736,37.0,1410.0,69.0,47.0,0.7810175794455714,0.38947368421052625
STORM,IBk,93.1224148552319,featureSelection,no,costSensitive,0.3625,0.34523809523809523,0.3178943728076679,29.0,1428.0,51.0,55.0,0.7405059725039441,0.3536585365853659
STORM,RandomForest,87.96934272663931,no,no,no,0.6607142857142857,0.2569444444444444,0.35321864594894503,37.0,2945.0,19.0,107.0,0.885713047308442,0.37
STORM,RandomForest,87.96934272663931,featureSelection,no,no,0.589041095890411,0.2986111111111111,0.3768893133275783,43.0,2934.0,30.0,101.0,0.8635665017243964,0.39631336405529954
STORM,RandomForest,87.96934272663931,no,sampling,no,0.5301204819277109,0.3055555555555556,0.36619073607858965,44.0,2925.0,39.0,100.0,0.8836864128804919,0.3876651982378855
STORM,RandomForest,87.96934272663931,no,no,costSensitive,0.41818181818181815,0.3194444444444444,0.335539860006968,46.0,2900.0,64.0,98.0,0.8935337475633528,0.36220472440944873
STORM,RandomForest,87.96934272663931,featureSelection,sampling,no,0.5384615384615384,0.3402777777777778,0.39532386973637107,49.0,2922.0,42.0,95.0,0.8723888045434098,0.41702127659574467
STORM,RandomForest,87.96934272663931,featureSelection,no,costSensitive,0.3617021276595745,0.3541666666666667,0.3270434893725766,51.0,2874.0,90.0,93.0,0.8714902908981856,0.35789473684210527
STORM,NaiveBayes,87.96934272663931,no,no,no,0.06184935701163503,0.7013888888888888,0.031174370800686853,101.0,1432.0,1532.0,43.0,0.6503493308591993,0.1136747326955543
STORM,NaiveBayes,87.96934272663931,featureSelection,no,no,0.28888888888888886,0.2708333333333333,0.24575129308471316,39.0,2868.0,96.0,105.0,0.6947935410106463,0.2795698924731182
STORM,NaiveBayes,87.96934272663931,no,sampling,no,0.04976803036693378,0.8194444444444444,0.007098628888055333,118.0,711.0,2253.0,26.0,0.644630238791423,0.09383697813121272
STORM,NaiveBayes,87.96934272663931,no,no,costSensitive,0.04651988636363636,0.9097222222222222,3.9195715364721275E-4,131.0,279.0,2685.0,13.0,0.6778635290148448,0.08851351351351351
STORM,NaiveBayes,87.96934272663931,featureSelection,sampling,no,0.24260355029585798,0.2847222222222222,0.22311098414512157,41.0,2836.0,128.0,103.0,0.703382722297196,0.2619808306709265
STORM,NaiveBayes,87.96934272663931,featureSelection,no,costSensitive,0.20574162679425836,0.2986111111111111,0.19971994306280488,43.0,2798.0,166.0,101.0,0.7033475783475783,0.24362606232294615
STORM,IBk,87.96934272663931,no,no,no,0.33557046979865773,0.3472222222222222,0.30872204782121676,50.0,2865.0,99.0,94.0,0.7105567738791423,0.341296928327645
STORM,IBk,87.96934272663931,featureSelection,no,no,0.39552238805970147,0.3680555555555556,0.3523682144622448,53.0,2883.0,81.0,91.0,0.7379034525416104,0.38129496402877705
STORM,IBk,87.96934272663931,no,sampling,no,0.36046511627906974,0.4305555555555556,0.36013176179937245,62.0,2854.0,110.0,82.0,0.7494775266156846,0.3924050632911392
STORM,IBk,87.96934272663931,no,no,costSensitive,0.4,0.3888888888888889,0.3653769445552453,56.0,2880.0,84.0,88.0,0.7345167472634578,0.39436619718309857
STORM,IBk,87.96934272663931,featureSelection,sampling,no,0.3625,0.4027777777777778,0.3498718222602016,58.0,2862.0,102.0,86.0,0.7515217330184435,0.38157894736842113
STORM,IBk,87.96934272663931,featureSelection,no,costSensitive,0.3561643835616438,0.3611111111111111,0.32723514789263475,52.0,2870.0,94.0,92.0,0.7200831271554956,0.3586206896551724
STORM,RandomForest,89.06740217203931,no,no,no,0.525,0.1640625,0.23530109782425648,21.0,3024.0,19.0,107.0,0.8674788962372658,0.25
STORM,RandomForest,89.06740217203931,featureSelection,no,no,0.5517241379310345,0.25,0.3271473742429872,32.0,3017.0,26.0,96.0,0.8669012384981926,0.3440860215053763
STORM,RandomForest,89.06740217203931,no,sampling,no,0.45454545454545453,0.2734375,0.32086974869237805,35.0,3001.0,42.0,93.0,0.8987661230693395,0.3414634146341463
STORM,RandomForest,89.06740217203931,no,no,costSensitive,0.3695652173913043,0.265625,0.28495047977355337,34.0,2985.0,58.0,94.0,0.8955967076076241,0.3090909090909091
STORM,RandomForest,89.06740217203931,featureSelection,sampling,no,0.40963855421686746,0.265625,0.30004646259143986,34.0,2994.0,49.0,94.0,0.8650565847847519,0.3222748815165877
STORM,RandomForest,89.06740217203931,featureSelection,no,costSensitive,0.35294117647058826,0.375,0.3360221754693838,48.0,2955.0,88.0,80.0,0.8400260331087742,0.3636363636363636
STORM,NaiveBayes,89.06740217203931,no,no,no,0.06254767353165523,0.640625,0.04362626858299783,82.0,1814.0,1229.0,46.0,0.6779917536148538,0.11396803335649758
STORM,NaiveBayes,89.06740217203931,featureSelection,no,no,0.2642857142857143,0.2890625,0.2442468439338179,37.0,2940.0,103.0,91.0,0.7239784443805455,0.27611940298507465
STORM,NaiveBayes,89.06740217203931,no,sampling,no,0.04476386036960986,0.8515625,0.009051011119132077,109.0,717.0,2326.0,19.0,0.6880943456293132,0.08505657432696061
STORM,NaiveBayes,89.06740217203931,no,no,costSensitive,0.04221143070601419,0.8828125,0.0038168706070632174,113.0,479.0,2564.0,15.0,0.6840096635721328,0.08057040998217468
STORM,NaiveBayes,89.06740217203931,featureSelection,sampling,no,0.22988505747126436,0.3125,0.22904003732348527,40.0,2909.0,134.0,88.0,0.7261260474860335,0.26490066225165565
STORM,NaiveBayes,89.06740217203931,featureSelection,no,costSensitive,0.2072072072072072,0.359375,0.22307310986136933,46.0,2867.0,176.0,82.0,0.7127359410943148,0.26285714285714284
STORM,IBk,89.06740217203931,no,no,no,0.32231404958677684,0.3046875,0.28521110514986125,39.0,2961.0,82.0,89.0,0.6850366106638186,0.3132530120481927
STORM,IBk,89.06740217203931,featureSelection,no,no,0.3333333333333333,0.3203125,0.2989588361569947,41.0,2961.0,82.0,87.0,0.7150260331087742,0.3266932270916335
STORM,IBk,89.06740217203931,no,sampling,no,0.29239766081871343,0.390625,0.30223154011763126,50.0,2922.0,121.0,78.0,0.7332607624055208,0.33444816053511706
STORM,IBk,89.06740217203931,no,no,costSensitive,0.31932773109243695,0.296875,0.2796752805958766,38.0,2962.0,81.0,90.0,0.6838697420308906,0.3076923076923077
STORM,IBk,89.06740217203931,featureSelection,sampling,no,0.2733333333333333,0.3203125,0.2628537677106245,41.0,2934.0,109.0,87.0,0.7265175710647388,0.29496402877697836
STORM,IBk,89.06740217203931,featureSelection,no,costSensitive,0.25862068965517243,0.234375,0.21580370631212817,30.0,2957.0,86.0,98.0,0.6709379107788367,0.2459016393442623
STORM,RandomForest,89.7043359930723,no,no,no,0.7222222222222222,0.24074074074074073,0.35588700450905164,13.0,3270.0,5.0,41.0,0.8760050890585241,0.3611111111111111
STORM,RandomForest,89.7043359930723,featureSelection,no,no,0.5384615384615384,0.25925925925925924,0.3430735602173727,14.0,3263.0,12.0,40.0,0.8918292338139666,0.35000000000000003
STORM,RandomForest,89.7043359930723,no,sampling,no,0.5517241379310345,0.2962962962962963,0.3784973002653983,16.0,3262.0,13.0,38.0,0.9201696352841391,0.38554216867469876
STORM,RandomForest,89.7043359930723,no,no,costSensitive,0.5161290322580645,0.2962962962962963,0.36900474577726133,16.0,3260.0,15.0,38.0,0.8951201583262652,0.3764705882352941
STORM,RandomForest,89.7043359930723,featureSelection,sampling,no,0.40540540540540543,0.2777777777777778,0.3207099681210113,15.0,3253.0,22.0,39.0,0.8868334746960701,0.3296703296703297
STORM,RandomForest,89.7043359930723,featureSelection,no,costSensitive,0.3409090909090909,0.2777777777777778,0.29586612336309126,15.0,3246.0,29.0,39.0,0.8960616341532373,0.3061224489795918
STORM,NaiveBayes,89.7043359930723,no,no,no,0.09408602150537634,0.6481481481481481,0.1399543388936543,35.0,2938.0,337.0,19.0,0.823132598247102,0.1643192488262911
STORM,NaiveBayes,89.7043359930723,featureSelection,no,no,0.1875,0.4444444444444444,0.2465450786583654,24.0,3171.0,104.0,30.0,0.8588125530110263,0.26373626373626374
STORM,NaiveBayes,89.7043359930723,no,sampling,no,0.05909090909090909,0.7222222222222222,0.08170535897842938,39.0,2654.0,621.0,15.0,0.8143002544529262,0.1092436974789916
STORM,NaiveBayes,89.7043359930723,no,no,costSensitive,0.041666666666666664,0.7962962962962963,0.04989899647186911,43.0,2286.0,989.0,11.0,0.8048657054000565,0.07918968692449355
STORM,NaiveBayes,89.7043359930723,featureSelection,sampling,no,0.1891891891891892,0.5185185185185185,0.25962947504394707,28.0,3155.0,120.0,26.0,0.8930788804071247,0.27722772277227725
STORM,NaiveBayes,89.7043359930723,featureSelection,no,costSensitive,0.16463414634146342,0.5,0.22888659764692573,27.0,3138.0,137.0,27.0,0.8644981622844218,0.2477064220183486
STORM,IBk,89.7043359930723,no,no,no,0.32727272727272727,0.3333333333333333,0.3191294432101232,18.0,3238.0,37.0,36.0,0.712086513994911,0.33027522935779813
STORM,IBk,89.7043359930723,featureSelection,no,no,0.34545454545454546,0.35185185185185186,0.33778343106737985,19.0,3239.0,36.0,35.0,0.7428866270851003,0.3486238532110092
STORM,IBk,89.7043359930723,no,sampling,no,0.25,0.3333333333333333,0.2722224651305141,18.0,3221.0,54.0,36.0,0.7326095561210065,0.28571428571428575
STORM,IBk,89.7043359930723,no,no,costSensitive,0.3333333333333333,0.35185185185185186,0.3312004799608099,19.0,3237.0,38.0,35.0,0.7086881538026576,0.34234234234234234
STORM,IBk,89.7043359930723,featureSelection,sampling,no,0.2676056338028169,0.35185185185185186,0.29093392939770674,19.0,3223.0,52.0,35.0,0.7594260672886627,0.304
STORM,IBk,89.7043359930723,featureSelection,no,costSensitive,0.3392857142857143,0.35185185185185186,0.3344625175625171,19.0,3238.0,37.0,35.0,0.7200819903873339,0.34545454545454546
STORM,RandomForest,94.16664239741387,no,no,no,0.9252941176470588,0.952755905511811,0.6262559698103042,1573.0,225.0,127.0,78.0,0.9233161031881504,0.9388242315726648
STORM,RandomForest,94.16664239741387,featureSelection,no,no,0.9343283582089552,0.9479103573591763,0.6529234534022674,1565.0,242.0,110.0,86.0,0.9249353009195529,0.9410703547805171
STORM,RandomForest,94.16664239741387,no,sampling,no,0.9446808510638298,0.9412477286493035,0.6781773834328407,1554.0,261.0,91.0,97.0,0.932999456252409,0.9429611650485438
STORM,RandomForest,94.16664239741387,no,no,costSensitive,0.8702330508474576,0.9951544518473653,0.40691165334996776,1643.0,107.0,245.0,8.0,0.906729220582567,0.9285108787793163
STORM,RandomForest,94.16664239741387,featureSelection,sampling,no,0.9394306480920654,0.9394306480920654,0.6553397390011562,1551.0,252.0,100.0,100.0,0.9171301139805077,0.9394306480920654
STORM,RandomForest,94.16664239741387,featureSelection,no,costSensitive,0.8724760892667375,0.9945487583282859,0.4215648866028402,1642.0,112.0,240.0,9.0,0.9094772107813447,0.9295216529861309
STORM,NaiveBayes,94.16664239741387,no,no,no,0.8701582105837425,0.9660811629315567,0.363980014818239,1595.0,114.0,238.0,56.0,0.8163664583448048,0.915614236509759
STORM,NaiveBayes,94.16664239741387,featureSelection,no,no,0.8790055248618784,0.9636583888552392,0.41529751622525674,1591.0,133.0,219.0,60.0,0.8385904204063653,0.9193874602715978
STORM,NaiveBayes,94.16664239741387,no,sampling,no,0.8828428650749583,0.9630526953361599,0.4368559125291748,1590.0,141.0,211.0,61.0,0.8305150803920489,0.9212050984936269
STORM,NaiveBayes,94.16664239741387,no,no,costSensitive,0.8663419913419913,0.9697153240460327,0.34367790856364916,1601.0,105.0,247.0,50.0,0.8169988230273664,0.9151186053158045
STORM,NaiveBayes,94.16664239741387,featureSelection,sampling,no,0.8903954802259887,0.9545729860690491,0.46532231575542093,1576.0,158.0,194.0,75.0,0.8672068581025274,0.9213680210464776
STORM,NaiveBayes,94.16664239741387,featureSelection,no,costSensitive,0.867027027027027,0.9715324046032707,0.3506560611106627,1604.0,106.0,246.0,47.0,0.8428655498045262,0.9163096258211939
STORM,IBk,94.16664239741387,no,no,no,0.9315980629539952,0.9321623258631133,0.611823377160305,1539.0,239.0,113.0,112.0,0.8144547381752106,0.9318801089918257
STORM,IBk,94.16664239741387,featureSelection,no,no,0.9289156626506024,0.9339794064203513,0.6048358570605408,1542.0,234.0,118.0,109.0,0.8223313350035791,0.9314406523708848
STORM,IBk,94.16664239741387,no,sampling,no,0.946329426280074,0.9291338582677166,0.659851124722586,1534.0,265.0,87.0,117.0,0.8337861695391223,0.9376528117359413
STORM,IBk,94.16664239741387,no,no,costSensitive,0.9325301204819277,0.9376135675348274,0.6257255914890586,1548.0,240.0,112.0,103.0,0.8149675128021585,0.935064935064935
STORM,IBk,94.16664239741387,featureSelection,sampling,no,0.94,0.9109630526953362,0.603819289847487,1504.0,256.0,96.0,147.0,0.8228484114310886,0.9252537680713626
STORM,IBk,94.16664239741387,featureSelection,no,costSensitive,0.9282296650717703,0.9400363416111448,0.6135265743045308,1552.0,232.0,120.0,99.0,0.8298233508617366,0.9340956966596449
