ID, Size, Predicted, Actual
1,78,0.9966146764592838,no
2,302,0.9876377069356754,no
3,87,0.9876377069356754,no
4,198,0.9885777756746023,no
5,175,0.9885777756746023,no
6,65,0.9966146764592838,no
7,105,0.9885777756746023,no
8,58,0.9999977744380631,no
9,196,0.9966146764592838,no
10,106,0.9966146764592838,no
11,130,0.9966146764592838,no
12,64,0.9966146764592838,no
13,132,0.9966146764592838,no
14,62,0.9966146764592838,no
15,108,0.9998965323248425,no
16,432,0.9889665031219385,no
17,174,0.9966146764592838,no
18,246,0.9885777756746023,no
19,106,0.9889665031219385,no
20,121,0.9966146764592838,no
21,110,0.9999977744380631,no
22,58,0.9999977744380631,no
23,37,0.9999977744380631,no
24,77,0.9999977744380631,no
25,142,0.9999977744380631,no
26,114,0.9999977744380631,no
27,80,0.9999977744380631,no
28,59,0.9999977744380631,no
29,69,0.9999974604033113,no
30,95,0.9999997782773544,no
31,64,0.9999977744380631,no
32,164,0.9876377069356754,no
33,70,0.9966146764592838,no
34,32,0.9999977744380631,no
35,148,0.9999977744380631,no
36,156,0.9999977744380631,no
37,119,0.9999974604033113,no
38,116,0.9999977744380631,no
39,93,0.9999974604033113,no
40,256,0.9999623704355601,yes
41,123,0.9885777756746023,no
42,201,0.9966146764592838,no
43,180,0.9966146764592838,no
44,156,0.9966146764592838,no
45,98,0.9999974604033113,no
46,86,0.9885777756746023,no
47,48,0.9999977744380631,no
48,145,0.9999974604033113,no
49,145,0.9999974604033113,no
50,113,0.9999997782773544,no
51,260,0.9999977744380631,no
52,618,0.9889665031219385,no
53,39,0.9999977744380631,no
54,39,0.9999997782773544,no
55,39,0.9999997782773544,no
56,24,0.9999997782773544,no
57,62,0.9999997782773544,no
58,77,0.9999977744380631,no
59,77,0.9999997782773544,no
60,54,0.9999997782773544,no
61,92,0.9999977744380631,no
62,58,0.9999997782773544,no
63,24,0.9999997782773544,no
64,64,0.9999997782773544,no
65,216,0.9999977744380631,no
66,36,0.9999997782773544,no
67,36,0.9999997782773544,no
68,208,0.9999997782773544,no
69,64,0.9876377069356754,no
70,39,0.9999977744380631,no
71,47,0.9999977744380631,no
72,74,0.9999997782773544,no
73,71,0.9999977744380631,no
74,123,0.9885777756746023,no
75,44,0.9999977744380631,no
76,122,0.9885777756746023,no
77,53,0.9999977744380631,no
78,242,0.9090139482152945,yes
79,44,0.9999977744380631,no
80,171,0.9999997782773544,no
81,511,0.9889665031219385,yes
82,122,0.9999623704355601,yes
83,178,0.9876377069356754,no
84,133,0.9999623704355601,yes
85,340,0.8332183851077258,yes
86,201,0.9876377069356754,yes
87,116,0.9999977744380631,no
88,225,0.9999997782773544,no
89,42,0.9999997782773544,no
90,44,0.9999997782773544,no
91,94,0.9999997782773544,no
92,136,0.9999997782773544,no
93,27,0.9999997782773544,no
94,47,0.9999997782773544,no
95,60,0.9999997782773544,no
96,58,0.9999977744380631,no
97,56,0.9999997782773544,no
98,205,0.9999977744380631,no
99,49,0.9998965323248425,no
100,49,0.9966146764592838,no
101,31,0.9998965323248425,no
102,41,0.9998965323248425,no
103,95,0.9998965323248425,no
104,29,0.9999974604033113,no
105,49,0.9999974604033113,no
106,78,0.9999974604033113,no
107,45,0.9999997782773544,no
108,31,0.9999997782773544,no
109,30,0.9999977744380631,no
110,36,0.9999974604033113,no
111,43,0.9966146764592838,no
112,60,0.9999977744380631,no
113,85,0.9999977744380631,no
114,92,0.9999997782773544,no
115,156,0.9876377069356754,yes
116,98,0.9999977744380631,no
117,131,0.9885777756746023,yes
118,194,0.9885777756746023,no
119,201,0.9966146764592838,no
120,69,0.9966146764592838,no
121,68,0.9999977744380631,no
122,52,0.9999977744380631,no
123,50,0.9999977744380631,no
124,202,0.9966146764592838,no
125,73,0.9999997782773544,no
126,42,0.9999997782773544,no
127,35,0.9999997782773544,no
128,125,0.9999997782773544,no
129,65,0.9999977744380631,no
130,48,0.9999977744380631,no
131,89,0.9999997782773544,no
132,153,0.9999977744380631,no
133,40,0.9999997782773544,no
134,64,0.9999974604033113,no
135,99,0.9999974604033113,no
136,73,0.9999977744380631,no
137,72,0.9999977744380631,no
138,51,0.9966146764592838,yes
139,36,0.9999977744380631,no
140,31,0.9966146764592838,yes
141,61,0.9885777756746023,yes
142,74,0.9966146764592838,yes
143,101,0.9966146764592838,no
144,86,0.9876377069356754,yes
145,106,0.9876377069356754,yes
146,91,0.9876377069356754,yes
147,58,0.9966146764592838,yes
148,106,0.9966146764592838,yes
149,143,0.9885777756746023,yes
150,52,0.9966146764592838,yes
151,88,0.9966146764592838,yes
152,66,0.9876377069356754,yes
153,44,0.9999977744380631,no
154,158,0.9999977744380631,no
155,51,0.9999977744380631,no
156,36,0.9999977744380631,no
157,63,0.9999977744380631,no
158,36,0.9999977744380631,no
159,43,0.9966146764592838,no
160,81,0.9885777756746023,no
161,75,0.9889665031219385,no
162,81,0.9889665031219385,no
163,88,0.9889665031219385,no
164,42,0.9966146764592838,no
165,82,0.9966146764592838,no
166,55,0.9966146764592838,no
167,48,0.9966146764592838,no
168,72,0.9999997782773544,no
169,113,0.9885777756746023,no
170,55,0.9966146764592838,no
171,35,0.9999977744380631,no
172,47,0.9999977744380631,no
173,101,0.9889665031219385,yes
174,109,0.9999997782773544,no
175,28,0.9999974604033113,no
176,54,0.9966146764592838,yes
177,158,0.9876377069356754,yes
178,52,0.9876377069356754,yes
179,53,0.9876377069356754,yes
180,81,0.9876377069356754,yes
181,83,0.9889665031219385,yes
182,63,0.9889665031219385,yes
183,48,0.9966146764592838,yes
184,55,0.9876377069356754,yes
185,149,0.9889665031219385,yes
186,263,0.9876377069356754,yes
187,179,0.9885777756746023,yes
188,37,0.9966146764592838,yes
189,25,0.9966146764592838,yes
190,30,0.9876377069356754,yes
191,36,0.9966146764592838,yes
192,30,0.9966146764592838,yes
193,27,0.9966146764592838,yes
194,37,0.9966146764592838,yes
195,33,0.9966146764592838,yes
196,31,0.9876377069356754,yes
197,56,0.9966146764592838,yes
198,101,0.9966146764592838,yes
199,139,0.9966146764592838,yes
200,85,0.9966146764592838,yes
201,95,0.9966146764592838,yes
202,60,0.9876377069356754,yes
203,35,0.9876377069356754,yes
204,26,0.9966146764592838,yes
205,69,0.9876377069356754,yes
206,64,0.9876377069356754,yes
207,39,0.9876377069356754,yes
208,41,0.9966146764592838,yes
209,167,0.9876377069356754,yes
210,66,0.9876377069356754,yes
211,93,0.9966146764592838,yes
212,76,0.9889665031219385,no
213,117,0.9090139482152945,yes
214,90,0.9999623704355601,yes
215,48,0.9966146764592838,no
216,85,0.9876377069356754,no
217,43,0.9885777756746023,no
218,90,0.9966146764592838,no
219,202,0.9876377069356754,no
220,135,0.9889665031219385,no
221,30,0.9999997782773544,no
222,29,0.9999997782773544,no
223,67,0.9090139482152945,no
224,242,0.9999977744380631,no
225,72,0.9999974604033113,no
226,50,0.9999974604033113,yes
227,89,0.9966146764592838,no
228,40,0.9885777756746023,yes
229,49,0.9966146764592838,no
230,249,0.9885777756746023,yes
231,40,0.9966146764592838,no
232,171,0.9889665031219385,yes
233,40,0.9966146764592838,no
234,32,0.9966146764592838,no
235,271,0.9999997782773544,no
236,55,0.9999997782773544,no
237,80,0.9876377069356754,no
238,28,0.9999974604033113,no
239,44,0.9999974604033113,no
240,83,0.9999974604033113,no
241,67,0.9999974604033113,no
242,36,0.9999974604033113,no
243,384,0.9876377069356754,no
244,196,0.9999974604033113,no
245,312,0.9889665031219385,no
246,120,0.9876377069356754,no
247,315,0.9995863860733984,yes
248,112,0.9999623704355601,yes
249,119,0.9998965323248425,yes
250,146,0.9998965323248425,yes
251,86,0.9999974604033113,no
252,69,0.9999974604033113,no
253,88,0.9999974604033113,no
254,42,0.9999974604033113,no
255,32,0.9999974604033113,no
256,56,0.9999974604033113,no
257,102,0.9999974604033113,no
258,56,0.9876377069356754,yes
259,89,0.9885777756746023,yes
260,40,0.9876377069356754,yes
261,80,0.9885777756746023,yes
262,46,0.9999974604033113,no
263,46,0.9999974604033113,no
264,68,0.9876377069356754,yes
265,80,0.9999974604033113,yes
266,66,0.9999974604033113,yes
267,100,0.9999997782773544,no
268,32,0.9999977744380631,no
269,31,0.9999974604033113,yes
270,36,0.9966146764592838,yes
271,59,0.9999974604033113,yes
272,44,0.9999977744380631,no
273,29,0.9999977744380631,no
274,280,0.9999977744380631,no
275,67,0.9998965323248425,yes
276,60,0.9999977744380631,no
277,46,0.9999977744380631,no
278,133,0.9999997782773544,no
279,333,0.9999997782773544,no
280,36,0.9999997782773544,no
281,44,0.9999997782773544,no
282,738,0.8331035161333565,yes
283,26,0.9999997782773544,no
284,70,0.9999997782773544,no
285,213,0.9999997782773544,no
286,192,0.9876377069356754,yes
287,562,0.9998965323248425,yes
288,46,0.9999974604033113,no
289,31,0.9999974604033113,no
290,83,0.9999977744380631,no
291,71,0.9999974604033113,no
292,83,0.9999974604033113,no
293,40,0.9999977744380631,no
294,32,0.9999974604033113,no
295,57,0.9999974604033113,no
296,97,0.9999974604033113,no
297,64,0.9876377069356754,no
298,94,0.9885777756746023,no
299,45,0.9876377069356754,no
300,98,0.9885777756746023,no
301,46,0.9999974604033113,no
302,46,0.9999974604033113,no
303,337,0.8331035161333565,yes
304,143,0.9998965323248425,yes
305,81,0.9999623704355601,yes
306,132,0.8331035161333565,yes
307,162,0.8332183851077258,yes
308,85,0.9998965323248425,yes
309,454,0.8331035161333565,yes
310,316,0.9995863860733984,yes
311,49,0.9999623704355601,yes
312,32,0.9999623704355601,yes
313,64,0.9999623704355601,yes
314,105,0.9999623704355601,yes
315,82,0.9999623704355601,yes
316,111,0.9999974604033113,yes
317,42,0.9966146764592838,yes
318,63,0.9999623704355601,yes
319,235,0.9889665031219385,yes
320,75,0.9966146764592838,yes
321,43,0.9966146764592838,yes
322,33,0.9999974604033113,yes
323,66,0.9876377069356754,yes
324,99,0.9885777756746023,yes
325,40,0.9999974604033113,yes
326,160,0.9966146764592838,yes
327,40,0.9999974604033113,yes
328,32,0.9999974604033113,yes
329,564,0.8331035161333565,no
330,309,0.9995863860733984,no
331,101,0.9998965323248425,no
332,281,0.8332183851077258,no
333,72,0.9889665031219385,no
334,70,0.9876377069356754,yes
335,158,0.9876377069356754,yes
336,58,0.9999997782773544,no
337,82,0.9999974604033113,no
338,102,0.9999623704355601,no
339,376,0.8331035161333565,yes
340,76,0.8332183851077258,no
341,124,0.9966146764592838,no
342,86,0.9999977744380631,no
343,25,0.9999977744380631,no
344,41,0.9999977744380631,no
345,213,0.9999623704355601,no
346,98,0.9889665031219385,no
347,200,0.9885777756746023,no
348,29,0.9999977744380631,no
349,75,0.9876377069356754,no
350,44,0.9999977744380631,no
351,56,0.9876377069356754,yes
352,43,0.9999977744380631,no
353,240,0.9998965323248425,no
354,285,0.9889665031219385,no
355,27,0.9999977744380631,no
356,38,0.9999977744380631,no
357,27,0.9999977744380631,no
358,41,0.9999977744380631,no
359,88,0.9885777756746023,no
360,28,0.9999977744380631,no
361,364,0.9995863860733984,no
362,50,0.9889665031219385,no
363,52,0.9999974604033113,no
364,38,0.9999977744380631,no
365,52,0.9999977744380631,no
366,38,0.9999977744380631,no
367,43,0.9999977744380631,no
368,47,0.9885777756746023,no
369,50,0.9966146764592838,no
370,25,0.9999977744380631,no
371,113,0.9885777756746023,no
372,36,0.9999977744380631,no
373,116,0.9999623704355601,no
374,178,0.9876377069356754,no
375,48,0.9999977744380631,no
376,32,0.9999977744380631,no
377,34,0.9999977744380631,no
378,48,0.9999974604033113,no
379,49,0.9999974604033113,no
380,26,0.9999977744380631,no
381,51,0.9999977744380631,no
382,31,0.9999977744380631,no
383,116,0.9876377069356754,no
384,26,0.9999977744380631,no
385,30,0.9999977744380631,no
386,40,0.9999977744380631,no
387,60,0.9999974604033113,yes
388,49,0.9999977744380631,no
389,58,0.9999977744380631,no
390,37,0.9999977744380631,no
391,289,0.9885777756746023,no
392,102,0.9999977744380631,no
393,63,0.9999977744380631,no
394,31,0.9999977744380631,no
395,84,0.9885777756746023,no
396,41,0.9999977744380631,no
397,28,0.9999977744380631,no
398,34,0.9999977744380631,no
399,26,0.9999977744380631,no
400,79,0.9966146764592838,no
401,60,0.9966146764592838,no
402,56,0.9999977744380631,no
403,119,0.9966146764592838,no
404,76,0.9966146764592838,no
405,87,0.9999977744380631,no
406,38,0.9999977744380631,no
407,39,0.9999977744380631,no
408,38,0.9999977744380631,no
409,40,0.9999977744380631,no
410,41,0.9999977744380631,no
411,97,0.9999977744380631,no
412,42,0.9999977744380631,no
413,34,0.9999977744380631,no
414,36,0.9999997782773544,no
415,41,0.9999997782773544,no
416,44,0.9999997782773544,no
417,37,0.9999997782773544,no
418,107,0.9999974604033113,no
419,334,0.9999997782773544,no
420,67,0.9999997782773544,no
421,88,0.9999997782773544,no
422,64,0.9999997782773544,no
423,34,0.9999997782773544,no
424,37,0.9999997782773544,no
425,71,0.9999997782773544,no
426,262,0.9999997782773544,no
427,97,0.9999997782773544,no
428,35,0.9999997782773544,no
429,85,0.9999997782773544,no
430,49,0.9999997782773544,no
431,102,0.9999997782773544,no
432,119,0.9999974604033113,no
433,39,0.9966146764592838,no
434,179,0.9999974604033113,no
435,120,0.9999974604033113,no
436,178,0.9966146764592838,no
437,153,0.9999974604033113,no
438,89,0.9999974604033113,no
439,50,0.9999974604033113,no
440,36,0.9999974604033113,no
441,109,0.9090139482152945,yes
442,137,0.9090139482152945,no
443,133,0.8332183851077258,no
444,131,0.9999997782773544,no
445,176,0.9885777756746023,no
446,70,0.9999623704355601,no
447,53,0.9999977744380631,no
448,37,0.9885777756746023,no
449,76,0.9999623704355601,yes
450,71,0.9876377069356754,no
451,43,0.9966146764592838,no
452,29,0.9999997782773544,no
453,24,0.9999997782773544,no
454,41,0.9999977744380631,no
455,310,0.8332183851077258,yes
456,120,0.9966146764592838,no
457,137,0.9966146764592838,yes
458,95,0.9876377069356754,yes
459,96,0.9885777756746023,yes
460,56,0.9966146764592838,yes
461,40,0.9966146764592838,yes
462,350,0.9999623704355601,yes
463,112,0.9885777756746023,yes
464,71,0.9876377069356754,yes
465,93,0.9889665031219385,yes
466,381,0.9999623704355601,yes
467,115,0.9876377069356754,yes
468,69,0.9876377069356754,yes
469,98,0.9889665031219385,yes
470,157,0.9999623704355601,no
471,59,0.9999997782773544,no
472,30,0.9999997782773544,no
473,57,0.9966146764592838,no
474,182,0.9966146764592838,no
475,160,0.9966146764592838,no
476,32,0.9966146764592838,no
477,24,0.9999997782773544,no
478,50,0.9999997782773544,no
479,50,0.9999997782773544,no
480,63,0.9999997782773544,no
481,116,0.9999997782773544,no
482,182,0.9999974604033113,no
483,69,0.9999974604033113,no
484,27,0.9999974604033113,no
485,67,0.9966146764592838,no
486,44,0.9966146764592838,no
487,33,0.9966146764592838,no
488,72,0.9999997782773544,no
489,89,0.9999977744380631,no
490,304,0.9876377069356754,no
491,2552,0.9998620526151868,yes
492,36,0.9999974604033113,no
493,32,0.9999977744380631,no
494,49,0.9999977744380631,no
495,27,0.9999977744380631,no
496,31,0.9999977744380631,no
497,72,0.9999997782773544,no
498,83,0.9999977744380631,no
499,82,0.9999977744380631,no
500,518,0.8331035161333565,no
501,242,0.9999977744380631,no
502,351,0.9999997782773544,no
503,32,0.9999977744380631,no
504,40,0.9999977744380631,no
505,452,0.9999974604033113,no
506,409,0.9966146764592838,no
507,50,0.9999977744380631,no
508,257,0.9090139482152945,yes
509,124,0.9999623704355601,yes
510,184,0.9999974604033113,no
511,248,0.9966146764592838,no
512,26,0.9999977744380631,no
513,22,0.9999977744380631,no
514,229,0.9966146764592838,no
515,311,0.9966146764592838,no
516,158,0.9999977744380631,no
517,420,0.9876377069356754,no
518,35,0.9999997782773544,no
519,24,0.9999997782773544,no
520,25,0.9999997782773544,no
521,119,0.9999977744380631,no
522,153,0.9999977744380631,no
523,51,0.9999977744380631,no
524,51,0.9999977744380631,no
525,41,0.9999977744380631,no
526,22,0.9999977744380631,no
527,244,0.9999997782773544,no
528,24,0.9999977744380631,no
529,27,0.9999977744380631,no
530,44,0.9999997782773544,no
531,222,0.9999997782773544,no
532,126,0.9966146764592838,no
533,216,0.9999997782773544,no
534,65,0.9999997782773544,no
535,28,0.9999997782773544,no
536,722,0.9998965323248425,no
537,252,0.9885777756746023,no
538,36,0.9999997782773544,no
539,40,0.9876377069356754,no
540,369,0.9090139482152945,no
541,30,0.9876377069356754,yes
542,40,0.9876377069356754,no
543,35,0.9876377069356754,no
544,125,0.9966146764592838,no
545,51,0.9889665031219385,no
546,55,0.9889665031219385,yes
547,52,0.9998965323248425,yes
548,65,0.9889665031219385,no
549,86,0.9998965323248425,no
550,116,0.9090139482152945,no
551,61,0.9889665031219385,no
552,59,0.9966146764592838,no
553,216,0.9999997782773544,no
554,270,0.9999997782773544,no
555,81,0.9999997782773544,no
556,74,0.9999997782773544,no
557,214,0.9966146764592838,no
558,79,0.9999997782773544,no
559,118,0.9999997782773544,no
560,75,0.9999997782773544,no
561,130,0.9999997782773544,no
562,81,0.9999997782773544,no
563,36,0.9999997782773544,no
564,75,0.9999977744380631,no
565,213,0.9999997782773544,no
566,26,0.9999997782773544,no
567,135,0.9999997782773544,no
568,71,0.9999997782773544,no
569,209,0.9999997782773544,no
570,189,0.9999997782773544,no
571,66,0.9999997782773544,no
572,188,0.9999997782773544,no
573,69,0.9999997782773544,no
574,65,0.9999997782773544,no
575,108,0.9999977744380631,no
576,46,0.9999977744380631,no
577,53,0.9999977744380631,no
578,447,0.9999977744380631,no
579,386,0.9999974604033113,no
580,30,0.9999977744380631,no
581,134,0.9966146764592838,no
582,41,0.9966146764592838,no
583,22,0.9999997782773544,no
584,177,0.9966146764592838,no
585,357,0.9966146764592838,no
586,243,0.9999997782773544,no
587,31,0.9999977744380631,no
588,22,0.9999977744380631,no
589,548,0.8332183851077258,no
590,247,0.9999977744380631,no
591,78,0.9999997782773544,no
592,33,0.9999997782773544,no
593,81,0.9999997782773544,no
594,64,0.9999997782773544,no
595,108,0.9999997782773544,no
596,57,0.9999997782773544,no
597,76,0.9999997782773544,no
598,79,0.9999997782773544,no
599,70,0.9999997782773544,no
600,32,0.9999997782773544,no
601,31,0.9999997782773544,no
602,37,0.9999997782773544,no
603,83,0.9999997782773544,no
604,22,0.9999997782773544,no
605,45,0.9999997782773544,no
606,177,0.9966146764592838,no
607,28,0.9999997782773544,no
608,234,0.9999997782773544,no
609,92,0.9999997782773544,no
610,286,0.9889665031219385,no
611,427,0.9876377069356754,no
612,633,0.9885777756746023,no
613,211,0.9999977744380631,no
614,52,0.9999997782773544,no
615,87,0.9999997782773544,no
616,105,0.9999997782773544,no
617,401,0.9876377069356754,no
618,35,0.9999997782773544,no
619,113,0.9999977744380631,no
620,286,0.9999977744380631,no
621,75,0.9999977744380631,no
622,93,0.9999977744380631,no
623,52,0.9999977744380631,no
624,393,0.9999977744380631,no
625,59,0.9999977744380631,no
626,129,0.9999974604033113,no
627,24,0.9999977744380631,no
628,97,0.9999974604033113,no
629,626,0.9999977744380631,no
630,62,0.9999977744380631,no
631,405,0.9999977744380631,no
632,1158,0.9999974604033113,no
633,405,0.9999977744380631,no
634,607,0.9999977744380631,no
635,513,0.9999977744380631,no
636,703,0.9999977744380631,no
637,1389,0.9999974604033113,no
638,878,0.9999974604033113,no
639,767,0.9999974604033113,no
640,901,0.9999977744380631,no
641,751,0.9999977744380631,no
642,851,0.9999977744380631,no
643,462,0.9999977744380631,no
644,2193,0.9999974604033113,no
645,62,0.9999977744380631,no
646,457,0.9999974604033113,no
647,405,0.9999977744380631,no
648,506,0.9999977744380631,no
649,505,0.9999977744380631,no
650,1328,0.9999977744380631,no
651,2935,0.9999977744380631,no
652,713,0.9999977744380631,no
653,525,0.9999977744380631,no
654,498,0.9999977744380631,no
655,387,0.9999977744380631,no
656,914,0.9999974604033113,no
657,921,0.9999977744380631,no
658,421,0.9999977744380631,no
659,506,0.9999977744380631,no
660,800,0.9999977744380631,no
661,405,0.9999977744380631,no
662,405,0.9999977744380631,no
663,635,0.9999977744380631,no
664,640,0.9885777756746023,no
665,460,0.9999974604033113,no
666,521,0.9999977744380631,no
667,465,0.9999974604033113,no
668,113,0.9999977744380631,no
669,405,0.9999977744380631,no
670,560,0.9999977744380631,no
671,631,0.9999977744380631,no
672,405,0.9999977744380631,no
673,405,0.9999977744380631,no
674,406,0.9999977744380631,no
675,457,0.9999974604033113,no
676,470,0.9999974604033113,no
677,405,0.9999977744380631,no
678,804,0.9999974604033113,no
679,459,0.9999974604033113,no
680,754,0.9999974604033113,no
681,555,0.9999974604033113,no
682,675,0.9999974604033113,no
683,470,0.9999974604033113,no
684,474,0.9999974604033113,no
685,835,0.9999977744380631,no
686,65,0.9999977744380631,no
687,44114,0.9966146764592838,no
688,795,0.9999977744380631,no
689,555,0.9999974604033113,no
690,405,0.9999977744380631,no
691,299,0.9999977744380631,no
692,65,0.9999977744380631,no
693,74,0.9999977744380631,no
694,630,0.9999977744380631,no
695,509,0.9999977744380631,no
696,663,0.9999974604033113,no
697,566,0.9999974604033113,no
698,515,0.9999977744380631,no
699,387,0.9999977744380631,no
700,406,0.9999977744380631,no
701,513,0.9999977744380631,no
702,916,0.9999974604033113,no
703,513,0.9999977744380631,no
704,1381,0.9999974604033113,no
705,961,0.9999974604033113,no
706,553,0.9999977744380631,no
707,532,0.9999977744380631,no
708,1445,0.9999974604033113,no
709,1264,0.9999974604033113,no
710,515,0.9999977744380631,no
711,387,0.9999977744380631,no
712,460,0.9999974604033113,no
713,2143,0.9999974604033113,no
714,62,0.9999977744380631,no
715,2596,0.9999974604033113,no
716,1093,0.9999974604033113,no
717,68,0.9999977744380631,no
718,1900,0.9999977744380631,no
719,604,0.9999977744380631,no
720,43,0.9999977744380631,no
721,77,0.9999977744380631,no
722,24,0.9999977744380631,no
723,76,0.9999977744380631,no
724,64,0.9999977744380631,no
725,106,0.9999977744380631,no
726,65,0.9966146764592838,no
727,61,0.9999977744380631,no
728,51,0.9999977744380631,no
729,38,0.9999977744380631,no
730,44,0.9999977744380631,no
731,41,0.9876377069356754,no
732,40,0.9999977744380631,no
733,40,0.9999977744380631,no
734,40,0.9999977744380631,no
735,44,0.9999977744380631,no
736,39,0.9999977744380631,no
737,39,0.9999977744380631,no
738,44,0.9999977744380631,no
739,130,0.9999977744380631,no
740,140,0.9999977744380631,no
741,101,0.9999977744380631,no
742,695,0.9966146764592838,yes
743,32,0.9876377069356754,no
744,52,0.9999977744380631,no
745,49,0.9999977744380631,no
746,60,0.9999977744380631,no
747,63,0.9999977744380631,no
748,31,0.9999977744380631,no
749,59,0.9999977744380631,no
750,53,0.9999977744380631,no
751,57,0.9999977744380631,no
752,164,0.9999623704355601,no
753,612,0.9999974604033113,no
754,113,0.9999977744380631,no
755,75,0.9999977744380631,no
756,26,0.9999977744380631,no
757,28,0.9999977744380631,no
758,26,0.9999977744380631,no
759,26,0.9999977744380631,no
760,152,0.9999977744380631,no
761,202,0.9999974604033113,no
762,31,0.9999977744380631,no
763,209,0.9999974604033113,no
764,30,0.9999977744380631,no
765,133,0.9999977744380631,no
766,411,0.9999977744380631,no
767,118,0.9999977744380631,no
768,58,0.9999977744380631,no
769,144,0.9999977744380631,no
770,43,0.9999977744380631,no
771,56,0.9999977744380631,no
772,35,0.9999977744380631,no
773,114,0.9999977744380631,no
774,154,0.9999977744380631,no
775,31,0.9999977744380631,no
776,157,0.9999977744380631,no
777,30,0.9999977744380631,no
778,158,0.9999977744380631,no
779,83,0.9999977744380631,no
780,153,0.9999977744380631,no
781,68,0.9999977744380631,no
782,273,0.9999977744380631,no
783,91,0.9885777756746023,yes
784,56,0.9999977744380631,no
785,74,0.9999977744380631,no
786,57,0.9999977744380631,no
787,70,0.9966146764592838,no
788,67,0.9999977744380631,no
789,122,0.9999977744380631,no
790,85,0.9999977744380631,no
791,118,0.9999977744380631,no
792,70,0.9999977744380631,no
793,86,0.9966146764592838,no
794,76,0.9999977744380631,no
795,142,0.9999623704355601,no
796,88,0.9999997782773544,no
797,165,0.9999977744380631,no
798,34,0.9999977744380631,no
799,38,0.9999977744380631,no
800,39,0.9999977744380631,no
801,43,0.9966146764592838,no
802,63,0.9966146764592838,no
803,23,0.9999977744380631,no
804,22,0.9999977744380631,no
805,62,0.9999623704355601,no
806,24,0.9999977744380631,no
807,22,0.9999977744380631,no
808,53,0.9999977744380631,no
809,45,0.9999977744380631,no
810,50,0.9999977744380631,no
811,38,0.9999977744380631,no
812,31,0.9999977744380631,no
813,30,0.9999977744380631,no
814,31,0.9999977744380631,no
815,37,0.9999977744380631,no
816,31,0.9999977744380631,no
817,32,0.9999977744380631,no
818,110,0.9966146764592838,no
819,26,0.9966146764592838,no
820,211,0.9999977744380631,no
821,262,0.9999977744380631,no
822,27,0.9999977744380631,no
823,112,0.9999977744380631,no
824,109,0.9999977744380631,no
825,139,0.9999977744380631,no
826,79,0.9999977744380631,no
827,82,0.9999977744380631,no
828,204,0.9999977744380631,no
829,40,0.9999977744380631,no
830,184,0.9999977744380631,no
831,50,0.9999977744380631,no
832,96,0.9999977744380631,no
833,49,0.9999977744380631,no
834,52,0.9999977744380631,no
835,31,0.9999977744380631,no
836,72,0.9999977744380631,no
837,43,0.9999977744380631,no
838,28,0.9999977744380631,no
839,116,0.9966146764592838,yes
840,25,0.9999974604033113,yes
841,217,0.9999997782773544,no
842,274,0.9999974604033113,yes
843,75,0.9999974604033113,yes
844,168,0.9885777756746023,yes
845,69,0.9885777756746023,yes
846,110,0.9999974604033113,yes
847,94,0.9999974604033113,yes
848,99,0.9999974604033113,yes
849,25,0.9966146764592838,no
850,25,0.9966146764592838,no
851,33,0.9999977744380631,no
852,718,0.9876377069356754,no
853,111,0.9999977744380631,no
854,168,0.9999977744380631,no
855,54,0.9999977744380631,no
856,49,0.9999977744380631,no
857,40,0.9999977744380631,no
858,45,0.9999977744380631,no
859,61,0.9999977744380631,no
860,119,0.9999977744380631,no
861,132,0.9999977744380631,no
862,87,0.9999977744380631,no
863,516,0.9999974604033113,no
864,81,0.9999977744380631,no
865,219,0.9999977744380631,no
866,125,0.9999977744380631,no
867,363,0.9966146764592838,no
868,98,0.9999977744380631,no
869,340,0.9999977744380631,no
870,296,0.9999977744380631,no
871,54,0.9999977744380631,no
872,517,0.9998965323248425,no
873,138,0.9999977744380631,no
874,426,0.9999974604033113,no
875,184,0.9999977744380631,no
876,116,0.9999977744380631,no
877,56,0.9999997782773544,no
878,40,0.9999977744380631,no
879,350,0.9999977744380631,no
880,126,0.9999977744380631,no
881,42,0.9999977744380631,no
882,80,0.9999977744380631,no
883,36,0.9999977744380631,no
884,580,0.9966146764592838,no
885,47,0.9999977744380631,no
886,47,0.9999977744380631,no
887,76,0.9999977744380631,no
888,94,0.9999977744380631,no
889,388,0.9876377069356754,no
890,96,0.9999977744380631,no
891,42,0.9999977744380631,no
892,53,0.9999977744380631,no
893,55,0.9999977744380631,no
894,40,0.9999977744380631,no
895,42,0.9999977744380631,no
896,48,0.9999977744380631,no
897,41,0.9999977744380631,no
898,57,0.9999977744380631,no
899,45,0.9999977744380631,no
900,29,0.9999977744380631,no
901,154,0.9999977744380631,no
902,174,0.9999977744380631,no
903,94,0.9999977744380631,no
904,161,0.9999977744380631,no
905,53,0.9999977744380631,no
906,82,0.9876377069356754,no
907,116,0.9885777756746023,no
908,77,0.9966146764592838,yes
909,78,0.9999977744380631,no
910,63,0.9999977744380631,no
911,174,0.9999977744380631,no
912,47,0.9999977744380631,no
913,172,0.9999977744380631,no
914,47,0.9999977744380631,no
915,167,0.9876377069356754,yes
916,60,0.9999977744380631,no
917,58,0.9999974604033113,no
918,68,0.9999977744380631,no
919,85,0.9999974604033113,no
920,269,0.9999974604033113,no
921,112,0.9999974604033113,no
922,44,0.9999977744380631,no
923,104,0.9999977744380631,no
924,210,0.9999974604033113,no
925,54,0.9999977744380631,no
926,96,0.9999977744380631,no
927,31,0.9999977744380631,no
928,71,0.9999977744380631,no
929,55,0.9999977744380631,no
930,158,0.9999977744380631,no
931,92,0.9999977744380631,no
932,64,0.9999977744380631,no
933,58,0.9999977744380631,no
934,65,0.9999977744380631,no
935,64,0.9999977744380631,no
936,64,0.9999977744380631,no
937,56,0.9999977744380631,no
938,23,0.9999977744380631,no
939,40,0.9999977744380631,no
940,24,0.9999977744380631,no
941,26,0.9999977744380631,no
942,56,0.9999977744380631,no
943,60,0.9999977744380631,no
944,50,0.9999977744380631,no
945,58,0.9999977744380631,no
946,61,0.9999977744380631,no
947,35,0.9999977744380631,no
948,240,0.9999977744380631,no
949,52,0.9999977744380631,no
950,32,0.9999977744380631,no
951,32,0.9999977744380631,no
952,32,0.9999977744380631,no
953,32,0.9999977744380631,no
954,172,0.9999977744380631,no
955,232,0.9999977744380631,no
956,23,0.9999977744380631,no
957,24,0.9999977744380631,no
958,105,0.9999977744380631,no
959,31,0.9999977744380631,no
960,34,0.9999977744380631,no
961,29,0.9999977744380631,no
962,31,0.9999977744380631,no
963,40,0.9999977744380631,no
964,37,0.9999977744380631,no
965,29,0.9999977744380631,no
966,42,0.9999977744380631,no
967,280,0.9998965323248425,no
968,41,0.9999977744380631,no
969,143,0.9885777756746023,no
970,65,0.9999977744380631,no
971,29,0.9999977744380631,no
972,22,0.9999977744380631,no
973,25,0.9999977744380631,no
974,24,0.9999977744380631,no
975,114,0.9999974604033113,yes
976,43,0.9999977744380631,no
977,48,0.9999974604033113,yes
978,30,0.9999977744380631,no
979,55,0.9999977744380631,no
980,69,0.9999977744380631,no
981,38,0.9999977744380631,no
982,28,0.9999977744380631,no
983,30,0.9999977744380631,no
984,105,0.9999974604033113,no
985,112,0.9999974604033113,no
986,75,0.9999974604033113,no
987,2478,0.9885777756746023,no
988,199,0.9999977744380631,no
989,84,0.9999977744380631,no
990,22,0.9999977744380631,no
991,31,0.9999977744380631,no
992,33,0.9999974604033113,no
993,236,0.9999974604033113,no
994,406,0.9889665031219385,no
995,389,0.9999974604033113,no
996,106,0.9999977744380631,no
997,25,0.9999977744380631,no
998,52,0.9999977744380631,no
999,52,0.9999977744380631,no
1000,65,0.9999977744380631,no
1001,72,0.9999977744380631,no
1002,39,0.9999977744380631,no
1003,48,0.9999977744380631,no
1004,42,0.9999977744380631,no
1005,87,0.9999977744380631,no
1006,55,0.9999977744380631,no
1007,57,0.9999977744380631,no
1008,100,0.9999977744380631,no
1009,42,0.9999977744380631,no
1010,179,0.9999977744380631,no
1011,100,0.9999977744380631,no
1012,42,0.9999977744380631,no
1013,38,0.9999977744380631,no
1014,61,0.9999977744380631,no
1015,24,0.9999977744380631,no
1016,61,0.9999977744380631,no
1017,180,0.9999977744380631,no
1018,38,0.9999977744380631,no
1019,57,0.9999977744380631,no
1020,51,0.9999977744380631,no
1021,60,0.9999977744380631,no
1022,48,0.9999977744380631,no
1023,51,0.9999977744380631,no
1024,186,0.9999977744380631,no
1025,52,0.9999977744380631,no
1026,53,0.9999977744380631,no
1027,56,0.9999977744380631,no
1028,37,0.9999977744380631,no
1029,111,0.9999977744380631,no
1030,63,0.9999977744380631,no
1031,62,0.9999977744380631,no
1032,139,0.9999977744380631,no
1033,76,0.9999977744380631,no
1034,60,0.9999977744380631,no
1035,43,0.9999977744380631,no
1036,31,0.9999977744380631,no
1037,45,0.9999977744380631,no
1038,85,0.9999977744380631,no
1039,37,0.9999977744380631,no
1040,27,0.9999977744380631,no
1041,65,0.9999977744380631,no
1042,86,0.9999977744380631,no
1043,34,0.9999977744380631,no
1044,83,0.9999977744380631,no
1045,31,0.9999997782773544,no
1046,32,0.9999997782773544,no
1047,31,0.9999997782773544,no
1048,31,0.9999997782773544,no
1049,83,0.9885777756746023,no
1050,209,0.9999974604033113,no
1051,67,0.9999977744380631,no
1052,72,0.9999974604033113,no
1053,26,0.9999977744380631,no
1054,103,0.9885777756746023,no
1055,29,0.9999974604033113,no
1056,36,0.9999977744380631,no
1057,33,0.9999977744380631,no
1058,29,0.9999974604033113,no
1059,44,0.9999977744380631,no
1060,29,0.9999977744380631,no
1061,29,0.9999977744380631,no
1062,25,0.9999977744380631,no
1063,48,0.9876377069356754,no
1064,56,0.9999977744380631,no
1065,26,0.9999997782773544,no
1066,40,0.9999977744380631,no
1067,184,0.9999977744380631,no
1068,32,0.9999977744380631,no
1069,53,0.9999977744380631,no
1070,36,0.9999977744380631,no
1071,28,0.9999977744380631,no
1072,22,0.9999977744380631,no
1073,193,0.9885777756746023,no
1074,372,0.9999974604033113,no
1075,580,0.9876377069356754,no
1076,361,0.8332183851077258,no
1077,33,0.9999977744380631,no
1078,24,0.9999977744380631,no
1079,28,0.9999977744380631,no
1080,25,0.9999977744380631,no
1081,25,0.9999977744380631,no
1082,26,0.9999977744380631,no
1083,46,0.9999977744380631,no
1084,64,0.9999977744380631,no
1085,158,0.9876377069356754,no
1086,24,0.9999977744380631,no
1087,24,0.9999977744380631,no
1088,312,0.8331035161333565,no
1089,26,0.9999977744380631,no
1090,31,0.9999977744380631,no
1091,94,0.9999977744380631,no
1092,61,0.9999977744380631,no
1093,96,0.9999977744380631,no
1094,217,0.9999977744380631,no
1095,521,0.9999977744380631,no
1096,56,0.9999977744380631,no
1097,69,0.9999977744380631,no
1098,160,0.9999977744380631,no
1099,142,0.9999977744380631,no
1100,149,0.9999977744380631,no
1101,47,0.9999977744380631,no
1102,173,0.9999977744380631,no
1103,30,0.9999977744380631,no
1104,857,0.9885777756746023,no
1105,59,0.9999974604033113,no
1106,912,0.9876377069356754,no
1107,121,0.9999977744380631,no
1108,183,0.9999977744380631,no
1109,32,0.9999977744380631,no
1110,32,0.9999977744380631,no
1111,26,0.9999977744380631,no
1112,174,0.9999977744380631,no
1113,31,0.9999977744380631,no
1114,24,0.9999977744380631,no
1115,38,0.9999977744380631,no
1116,119,0.9999977744380631,no
1117,104,0.9876377069356754,no
1118,26,0.9999977744380631,no
1119,45,0.9999977744380631,no
1120,23,0.9999977744380631,no
1121,23,0.9999977744380631,no
1122,23,0.9999977744380631,no
1123,33,0.9999977744380631,no
1124,47,0.9999977744380631,no
1125,29,0.9999977744380631,no
1126,35,0.9966146764592838,no
1127,66,0.9885777756746023,yes
1128,22,0.9999977744380631,no
1129,48,0.9999977744380631,no
1130,37,0.9999997782773544,no
1131,92,0.9999977744380631,no
1132,31,0.9999977744380631,no
1133,32,0.9999977744380631,no
1134,36,0.9999997782773544,no
1135,31,0.9999977744380631,no
1136,46,0.9999977744380631,no
1137,26,0.9999977744380631,no
1138,52,0.9999977744380631,no
1139,36,0.9999977744380631,no
1140,65,0.9999977744380631,no
1141,91,0.9999997782773544,no
1142,41,0.9999977744380631,no
1143,48,0.9999977744380631,no
1144,38,0.9999977744380631,no
1145,35,0.9999977744380631,no
1146,130,0.9999977744380631,no
1147,38,0.9999977744380631,no
1148,37,0.9999997782773544,no
1149,51,0.9999997782773544,no
1150,36,0.9999997782773544,no
1151,51,0.9999997782773544,no
1152,76,0.9999977744380631,no
1153,44,0.9999977744380631,no
1154,42,0.9999977744380631,no
1155,46,0.9999977744380631,no
1156,42,0.9999977744380631,no
1157,113,0.9999977744380631,no
1158,53,0.9999977744380631,no
1159,56,0.9999977744380631,no
1160,61,0.9999977744380631,no
1161,49,0.9999977744380631,no
1162,38,0.9966146764592838,no
1163,53,0.9999977744380631,no
1164,43,0.9999997782773544,no
1165,29,0.9999977744380631,no
1166,48,0.9999977744380631,no
1167,96,0.9999977744380631,no
1168,95,0.9999977744380631,no
1169,51,0.9999977744380631,no
1170,29,0.9999977744380631,no
1171,159,0.9999977744380631,no
1172,41,0.9999997782773544,no
1173,53,0.9999977744380631,no
1174,56,0.9999977744380631,no
1175,27,0.9999977744380631,no
1176,95,0.9999977744380631,no
1177,40,0.9999977744380631,no
1178,42,0.9999977744380631,no
1179,59,0.9999977744380631,no
1180,55,0.9966146764592838,no
1181,38,0.9999977744380631,no
1182,66,0.9876377069356754,no
1183,31,0.9999977744380631,no
1184,50,0.9999977744380631,no
1185,29,0.9999977744380631,no
1186,33,0.9966146764592838,no
1187,39,0.9999977744380631,no
1188,217,0.9966146764592838,yes
1189,40,0.9999977744380631,no
1190,27,0.9999977744380631,no
1191,84,0.9999977744380631,no
1192,62,0.9999977744380631,no
1193,80,0.9999977744380631,no
1194,59,0.9999977744380631,no
1195,87,0.9999997782773544,no
1196,93,0.9999977744380631,no
1197,107,0.9999977744380631,no
1198,73,0.9999977744380631,no
1199,107,0.9999977744380631,no
1200,76,0.9999977744380631,no
1201,92,0.9999977744380631,no
1202,24,0.9999977744380631,no
1203,33,0.9999977744380631,no
1204,31,0.9999977744380631,no
1205,63,0.9999977744380631,no
1206,77,0.9999977744380631,no
1207,25,0.9999977744380631,no
1208,26,0.9999977744380631,no
1209,125,0.9999977744380631,no
1210,201,0.9999977744380631,no
1211,172,0.9876377069356754,no
1212,204,0.9999977744380631,no
1213,49,0.9999977744380631,no
1214,38,0.9999977744380631,no
1215,182,0.9999977744380631,no
1216,94,0.9999977744380631,no
1217,138,0.9999977744380631,no
1218,25,0.9999977744380631,no
1219,25,0.9999977744380631,no
1220,36,0.9999977744380631,no
1221,26,0.9999977744380631,no
1222,44,0.9999977744380631,no
1223,52,0.9999977744380631,no
1224,50,0.9999977744380631,no
1225,75,0.9999977744380631,no
1226,28,0.9999977744380631,no
1227,31,0.9999977744380631,no
1228,41,0.9999977744380631,no
1229,26,0.9999977744380631,no
1230,39,0.9999977744380631,no
1231,26,0.9999977744380631,no
1232,30,0.9999977744380631,no
1233,25,0.9999977744380631,no
1234,33,0.9999977744380631,no
1235,44,0.9999977744380631,no
1236,23,0.9999977744380631,no
1237,80,0.9999977744380631,no
1238,78,0.9999977744380631,no
1239,26,0.9999977744380631,no
1240,84,0.9999977744380631,no
1241,91,0.9999977744380631,no
1242,26,0.9999977744380631,no
1243,85,0.9999977744380631,no
1244,67,0.9999977744380631,no
1245,124,0.9999977744380631,no
1246,26,0.9999977744380631,no
1247,25,0.9999977744380631,no
1248,76,0.9999977744380631,no
1249,109,0.9999977744380631,no
1250,24,0.9999977744380631,no
1251,27,0.9999977744380631,no
1252,47,0.9999977744380631,no
1253,185,0.9999977744380631,no
1254,96,0.9999977744380631,no
1255,97,0.9999977744380631,no
1256,23,0.9999977744380631,no
1257,154,0.9999977744380631,no
1258,47,0.9999977744380631,no
1259,176,0.9999977744380631,no
1260,36,0.9999977744380631,no
1261,32,0.9999977744380631,no
1262,30,0.9999977744380631,no
1263,37,0.9999977744380631,no
1264,33,0.9999977744380631,no
1265,32,0.9999977744380631,no
1266,289,0.9999977744380631,no
1267,66,0.9999977744380631,no
1268,439,0.9999974604033113,no
1269,734,0.9966146764592838,no
1270,147,0.9999977744380631,no
1271,47,0.9999977744380631,no
1272,171,0.9999977744380631,no
1273,92,0.9999977744380631,no
1274,60,0.9999977744380631,no
1275,34,0.9999977744380631,no
1276,361,0.9999977744380631,no
1277,60,0.9999977744380631,no
1278,28,0.9999977744380631,no
1279,50,0.9999977744380631,no
1280,35,0.9999977744380631,no
1281,117,0.9999977744380631,no
1282,238,0.9999974604033113,no
1283,59,0.9999997782773544,no
1284,72,0.9999997782773544,no
1285,200,0.9999997782773544,no
1286,44,0.9999997782773544,no
1287,217,0.9999997782773544,no
1288,42,0.9999997782773544,no
1289,87,0.9999997782773544,no
1290,263,0.9876377069356754,no
1291,52,0.9999997782773544,no
1292,40,0.9999997782773544,no
1293,81,0.9999997782773544,no
1294,79,0.9999997782773544,no
1295,40,0.9999997782773544,no
1296,48,0.9999997782773544,no
1297,43,0.9999997782773544,no
1298,44,0.9999997782773544,no
1299,43,0.9999997782773544,no
1300,42,0.9999997782773544,no
1301,57,0.9999997782773544,no
1302,32,0.9999997782773544,no
1303,59,0.9999997782773544,no
1304,60,0.9999997782773544,no
1305,60,0.9999997782773544,no
1306,60,0.9999997782773544,no
1307,45,0.9999997782773544,no
1308,48,0.9999977744380631,no
1309,117,0.9999623704355601,no
1310,214,0.9999977744380631,no
1311,94,0.9999977744380631,no
1312,68,0.9999977744380631,no
1313,356,0.9999977744380631,no
1314,37,0.9999977744380631,no
1315,63,0.9999997782773544,no
1316,24,0.9999997782773544,no
1317,37,0.9999977744380631,no
1318,267,0.9876377069356754,no
1319,92,0.9999974604033113,no
1320,54,0.9999977744380631,no
1321,53,0.9999977744380631,no
1322,44,0.9999977744380631,no
1323,35,0.9999977744380631,no
1324,569,0.9999974604033113,no
1325,33,0.9999977744380631,no
1326,66,0.9999974604033113,no
1327,27,0.9999977744380631,no
1328,568,0.9885777756746023,no
1329,67,0.9999977744380631,no
1330,27,0.9999997782773544,no
1331,177,0.9999977744380631,no
1332,59,0.9999977744380631,no
1333,68,0.9999977744380631,no
1334,156,0.9999977744380631,no
1335,277,0.9999977744380631,no
1336,252,0.9885777756746023,no
1337,43,0.9999977744380631,no
1338,43,0.9999977744380631,no
1339,38,0.9999977744380631,no
1340,135,0.8332183851077258,yes
1341,41,0.9999977744380631,no
1342,62,0.9999977744380631,no
1343,128,0.9999977744380631,no
1344,47,0.9999977744380631,no
1345,121,0.9999974604033113,no
1346,210,0.9999977744380631,no
1347,505,0.9999977744380631,no
1348,76,0.9876377069356754,no
1349,43,0.9999997782773544,no
1350,44,0.9999997782773544,no
1351,66,0.9999974604033113,no
1352,142,0.9999977744380631,no
1353,125,0.9999977744380631,no
1354,141,0.9995863860733984,yes
1355,132,0.9999977744380631,no
1356,64,0.9966146764592838,no
1357,2367,0.8331035161333565,no
1358,131,0.9999977744380631,no
1359,188,0.9999977744380631,no
1360,51,0.9999977744380631,no
1361,26,0.9999977744380631,no
1362,79,0.9999974604033113,no
1363,375,0.9999977744380631,no
1364,53,0.9999977744380631,no
1365,84,0.9999977744380631,no
1366,716,0.9889665031219385,no
1367,217,0.9999977744380631,no
1368,175,0.9999977744380631,no
1369,75,0.9889665031219385,no
1370,76,0.9876377069356754,no
1371,49,0.9999977744380631,no
1372,51,0.9999977744380631,no
1373,74,0.9889665031219385,no
1374,71,0.9889665031219385,no
1375,132,0.9876377069356754,no
1376,31,0.9999977744380631,no
1377,49,0.9999977744380631,no
1378,26,0.9999977744380631,no
1379,82,0.9966146764592838,no
1380,38,0.9999977744380631,no
1381,121,0.9999977744380631,no
1382,65,0.9889665031219385,no
1383,91,0.9876377069356754,no
1384,77,0.9966146764592838,no
1385,125,0.9876377069356754,no
1386,48,0.9966146764592838,no
1387,42,0.9966146764592838,no
1388,289,0.9966146764592838,no
1389,121,0.9966146764592838,no
1390,43,0.9999997782773544,no
1391,41,0.9999997782773544,no
1392,422,0.9889665031219385,no
1393,391,0.9999977744380631,no
1394,41,0.9999977744380631,no
1395,69,0.9999977744380631,no
1396,41,0.9966146764592838,no
1397,37,0.9999977744380631,no
1398,40,0.9999977744380631,no
1399,97,0.9999977744380631,no
1400,71,0.9999977744380631,no
1401,46,0.9999977744380631,no
1402,78,0.9876377069356754,yes
1403,87,0.9999977744380631,no
1404,68,0.9999977744380631,no
1405,58,0.9966146764592838,no
1406,196,0.9999977744380631,no
1407,132,0.9999974604033113,no
1408,64,0.9999977744380631,no
1409,134,0.9999977744380631,no
1410,173,0.9999977744380631,no
1411,246,0.9999977744380631,no
1412,107,0.9999977744380631,no
1413,121,0.9999977744380631,no
1414,110,0.9999974604033113,yes
1415,58,0.9999977744380631,no
1416,37,0.9999977744380631,no
1417,78,0.9999977744380631,yes
1418,142,0.9999974604033113,yes
1419,114,0.9999977744380631,no
1420,59,0.9999977744380631,no
1421,64,0.9999977744380631,no
1422,164,0.9999977744380631,no
1423,70,0.9999977744380631,no
1424,32,0.9999977744380631,no
1425,148,0.9999977744380631,no
1426,156,0.9999977744380631,no
1427,119,0.9999977744380631,no
1428,118,0.9999977744380631,no
1429,156,0.9999977744380631,no
1430,85,0.9999977744380631,no
1431,48,0.9999974604033113,yes
1432,33,0.9999977744380631,no
1433,86,0.9999977744380631,no
1434,25,0.9999977744380631,no
1435,152,0.9885777756746023,yes
1436,94,0.9999977744380631,no
1437,167,0.9999977744380631,yes
1438,29,0.9999977744380631,no
1439,26,0.9999977744380631,yes
1440,52,0.9090139482152945,yes
1441,43,0.9999977744380631,no
1442,195,0.9876377069356754,no
1443,243,0.9995863860733984,yes
1444,28,0.9966146764592838,no
1445,37,0.9966146764592838,no
1446,69,0.9999977744380631,no
1447,28,0.9999977744380631,no
1448,283,0.9995863860733984,yes
1449,44,0.9999977744380631,no
1450,51,0.9999977744380631,no
1451,38,0.9999977744380631,no
1452,52,0.9999977744380631,no
1453,37,0.9966146764592838,no
1454,46,0.9966146764592838,no
1455,25,0.9999974604033113,yes
1456,113,0.9999974604033113,no
1457,36,0.9999977744380631,no
1458,116,0.9999974604033113,no
1459,116,0.9999623704355601,yes
1460,48,0.9999977744380631,no
1461,32,0.9999977744380631,no
1462,34,0.9999977744380631,no
1463,26,0.9999977744380631,no
1464,50,0.9999977744380631,no
1465,31,0.9999977744380631,no
1466,98,0.9999977744380631,no
1467,26,0.9999977744380631,no
1468,25,0.9999977744380631,no
1469,40,0.9999977744380631,no
1470,59,0.9966146764592838,no
1471,36,0.9999977744380631,no
1472,58,0.9966146764592838,no
1473,37,0.9999977744380631,no
1474,281,0.9090139482152945,yes
1475,99,0.9999977744380631,no
1476,57,0.9999977744380631,no
1477,31,0.9999977744380631,no
1478,70,0.9999977744380631,no
1479,41,0.9999977744380631,no
1480,28,0.9999977744380631,no
1481,34,0.9999977744380631,no
1482,26,0.9999977744380631,no
1483,1430,0.8331035161333565,yes
1484,345,0.9090139482152945,yes
1485,36,0.9999977744380631,yes
1486,32,0.9999977744380631,yes
1487,49,0.9999977744380631,yes
1488,27,0.9999997782773544,no
1489,423,0.9999623704355601,yes
1490,119,0.9999997782773544,no
1491,153,0.9999997782773544,no
1492,51,0.9999997782773544,no
1493,51,0.9999997782773544,no
1494,108,0.9999997782773544,no
1495,46,0.9999997782773544,no
1496,53,0.9999997782773544,no
1497,447,0.9999997782773544,no
1498,382,0.9999997782773544,no
1499,30,0.9999997782773544,no
1500,22,0.9999997782773544,no
1501,108,0.9999974604033113,yes
1502,253,0.9876377069356754,yes
1503,75,0.9999997782773544,no
1504,93,0.9999997782773544,no
1505,52,0.9999997782773544,no
1506,394,0.9999997782773544,no
1507,59,0.9999997782773544,no
1508,124,0.9999974604033113,yes
1509,344,0.9999974604033113,yes
1510,344,0.9966146764592838,yes
1511,443,0.9999974604033113,yes
1512,1127,0.9999974604033113,yes
1513,614,0.9876377069356754,yes
1514,723,0.9999974604033113,yes
1515,402,0.9999974604033113,yes
1516,389,0.9966146764592838,yes
1517,344,0.9999974604033113,yes
1518,441,0.9999974604033113,yes
1519,1079,0.9966146764592838,yes
1520,2346,0.9966146764592838,yes
1521,625,0.9966146764592838,yes
1522,436,0.9999974604033113,yes
1523,335,0.9999974604033113,yes
1524,695,0.9999974604033113,yes
1525,824,0.9999974604033113,yes
1526,349,0.9999974604033113,yes
1527,441,0.9999974604033113,yes
1528,679,0.9999974604033113,yes
1529,344,0.9999974604033113,yes
1530,479,0.9999974604033113,yes
1531,549,0.9999974604033113,yes
1532,336,0.9999974604033113,yes
1533,17250,0.9889665031219385,yes
1534,344,0.9999974604033113,yes
1535,241,0.9999974604033113,yes
1536,64,0.9999974604033113,yes
1537,565,0.9999974604033113,yes
1538,433,0.9999974604033113,yes
1539,443,0.9999974604033113,yes
1540,772,0.9999974604033113,yes
1541,443,0.9999974604033113,yes
1542,676,0.9999974604033113,yes
1543,478,0.9999974604033113,yes
1544,452,0.9966146764592838,yes
1545,722,0.9876377069356754,yes
1546,1124,0.9966146764592838,yes
1547,61,0.9999974604033113,yes
1548,1101,0.9885777756746023,yes
1549,43,0.9999997782773544,no
1550,82,0.9999997782773544,no
1551,61,0.9999997782773544,no
1552,38,0.9999997782773544,no
1553,32,0.9999997782773544,no
1554,32,0.9999997782773544,no
1555,32,0.9999997782773544,no
1556,35,0.9999997782773544,no
1557,30,0.9999997782773544,no
1558,30,0.9999997782773544,no
1559,49,0.9876377069356754,yes
1560,59,0.9999997782773544,no
1561,53,0.9999997782773544,no
1562,57,0.9999997782773544,no
1563,384,0.8331035161333565,yes
1564,112,0.8331035161333565,yes
1565,71,0.9885777756746023,yes
1566,136,0.9876377069356754,no
1567,145,0.9889665031219385,yes
1568,43,0.9999974604033113,yes
1569,52,0.9876377069356754,yes
1570,99,0.9876377069356754,yes
1571,166,0.9885777756746023,yes
1572,31,0.9999974604033113,yes
1573,165,0.9876377069356754,yes
1574,31,0.9966146764592838,yes
1575,158,0.9999623704355601,yes
1576,83,0.9999974604033113,yes
1577,155,0.9885777756746023,yes
1578,74,0.9889665031219385,yes
1579,303,0.8332183851077258,yes
1580,41,0.9966146764592838,no
1581,54,0.9090139482152945,yes
1582,66,0.9885777756746023,yes
1583,57,0.9966146764592838,yes
1584,72,0.9999977744380631,no
1585,64,0.9999997782773544,no
1586,155,0.9999974604033113,no
1587,34,0.9999997782773544,no
1588,38,0.9999997782773544,no
1589,41,0.9999997782773544,no
1590,23,0.9999997782773544,no
1591,22,0.9999997782773544,no
1592,60,0.9999997782773544,no
1593,24,0.9999997782773544,no
1594,22,0.9999997782773544,no
1595,55,0.9999997782773544,no
1596,45,0.9999997782773544,no
1597,50,0.9999997782773544,no
1598,38,0.9999997782773544,no
1599,31,0.9999997782773544,no
1600,30,0.9999977744380631,no
1601,31,0.9999977744380631,no
1602,38,0.9999977744380631,no
1603,31,0.9999977744380631,no
1604,32,0.9999977744380631,no
1605,80,0.9999974604033113,no
1606,82,0.9999977744380631,no
1607,202,0.9885777756746023,no
1608,40,0.9999977744380631,no
1609,185,0.9889665031219385,no
1610,51,0.9999974604033113,no
1611,31,0.9999997782773544,no
1612,28,0.9999997782773544,no
1613,25,0.9999997782773544,no
1614,25,0.9999997782773544,no
1615,33,0.9999997782773544,no
1616,448,0.9966146764592838,yes
1617,54,0.9999997782773544,no
1618,39,0.9999977744380631,no
1619,40,0.9999977744380631,no
1620,45,0.9999997782773544,no
1621,58,0.9999997782773544,no
1622,110,0.9999997782773544,no
1623,89,0.9999977744380631,yes
1624,57,0.9999977744380631,yes
1625,89,0.9966146764592838,yes
1626,52,0.9999977744380631,yes
1627,219,0.9999977744380631,yes
1628,125,0.9999977744380631,yes
1629,346,0.9966146764592838,yes
1630,98,0.9999977744380631,yes
1631,343,0.9966146764592838,yes
1632,296,0.9999977744380631,yes
1633,47,0.9876377069356754,yes
1634,284,0.9999623704355601,yes
1635,87,0.9999974604033113,yes
1636,43,0.9999977744380631,yes
1637,47,0.9999977744380631,no
1638,55,0.9999977744380631,yes
1639,41,0.9966146764592838,yes
1640,42,0.9876377069356754,yes
1641,50,0.9999977744380631,yes
1642,41,0.9999977744380631,yes
1643,59,0.9999977744380631,yes
1644,45,0.9999977744380631,yes
1645,116,0.9999974604033113,yes
1646,172,0.9885777756746023,yes
1647,94,0.9889665031219385,yes
1648,159,0.9885777756746023,yes
1649,56,0.9999977744380631,yes
1650,77,0.9999977744380631,yes
1651,114,0.9999977744380631,yes
1652,77,0.9999977744380631,yes
1653,80,0.9999977744380631,yes
1654,46,0.9999977744380631,yes
1655,157,0.9999977744380631,yes
1656,57,0.9999977744380631,yes
1657,57,0.9999977744380631,yes
1658,131,0.9966146764592838,yes
1659,70,0.9999974604033113,yes
1660,110,0.9999997782773544,no
1661,70,0.9999977744380631,yes
1662,114,0.9999997782773544,no
1663,281,0.9966146764592838,yes
1664,108,0.9999977744380631,yes
1665,44,0.9999977744380631,yes
1666,104,0.9999977744380631,yes
1667,206,0.9999974604033113,yes
1668,86,0.9999977744380631,yes
1669,89,0.9999974604033113,yes
1670,64,0.9999997782773544,no
1671,61,0.9999977744380631,no
1672,64,0.9999977744380631,no
1673,68,0.9999977744380631,no
1674,23,0.9999997782773544,no
1675,40,0.9999997782773544,no
1676,25,0.9999997782773544,no
1677,26,0.9999997782773544,no
1678,59,0.9999997782773544,no
1679,60,0.9999997782773544,no
1680,51,0.9999997782773544,no
1681,58,0.9999997782773544,no
1682,61,0.9999997782773544,no
1683,35,0.9999977744380631,no
1684,224,0.9999997782773544,no
1685,32,0.9999997782773544,no
1686,32,0.9999997782773544,no
1687,32,0.9999997782773544,no
1688,32,0.9999997782773544,no
1689,23,0.9999997782773544,no
1690,24,0.9999997782773544,no
1691,105,0.9876377069356754,no
1692,29,0.9999997782773544,no
1693,34,0.9999977744380631,no
1694,28,0.9999974604033113,no
1695,31,0.9999997782773544,no
1696,38,0.9876377069356754,yes
1697,32,0.9999974604033113,no
1698,28,0.9999974604033113,no
1699,41,0.9999974604033113,no
1700,260,0.9998620526151868,yes
1701,41,0.9999997782773544,no
1702,134,0.9999977744380631,no
1703,29,0.9999997782773544,no
1704,22,0.9999997782773544,no
1705,25,0.9999997782773544,no
1706,24,0.9999997782773544,no
1707,28,0.9999997782773544,no
1708,30,0.9999997782773544,no
1709,198,0.9999997782773544,no
1710,84,0.9966146764592838,yes
1711,22,0.9999997782773544,no
1712,31,0.9999997782773544,no
1713,32,0.9999997782773544,no
1714,225,0.9999974604033113,yes
1715,383,0.9998620526151868,yes
1716,314,0.9885777756746023,yes
1717,106,0.9999997782773544,no
1718,25,0.9999997782773544,no
1719,52,0.9999997782773544,no
1720,52,0.9999997782773544,no
1721,72,0.9999997782773544,no
1722,39,0.9999997782773544,no
1723,48,0.9999997782773544,no
1724,42,0.9999997782773544,no
1725,87,0.9999977744380631,no
1726,55,0.9999997782773544,no
1727,57,0.9999997782773544,no
1728,100,0.9999997782773544,no
1729,42,0.9999997782773544,no
1730,179,0.9999997782773544,no
1731,95,0.9999974604033113,yes
1732,42,0.9999997782773544,no
1733,61,0.9999997782773544,no
1734,24,0.9999997782773544,no
1735,61,0.9999997782773544,no
1736,181,0.9999997782773544,no
1737,38,0.9999997782773544,no
1738,57,0.9999977744380631,no
1739,51,0.9999997782773544,no
1740,60,0.9999977744380631,no
1741,50,0.9999997782773544,no
1742,51,0.9999997782773544,no
1743,186,0.9999997782773544,no
1744,52,0.9999997782773544,no
1745,49,0.9999977744380631,no
1746,52,0.9999977744380631,no
1747,37,0.9999977744380631,yes
1748,105,0.9999997782773544,no
1749,63,0.9999997782773544,no
1750,62,0.9999997782773544,no
1751,139,0.9885777756746023,no
1752,76,0.9966146764592838,no
1753,60,0.9999997782773544,no
1754,41,0.9999977744380631,no
1755,31,0.9999997782773544,no
1756,45,0.9999997782773544,no
1757,85,0.9999997782773544,no
1758,37,0.9999997782773544,no
1759,61,0.9999997782773544,no
1760,86,0.9999997782773544,no
1761,34,0.9999997782773544,no
1762,83,0.9999997782773544,no
1763,54,0.9999997782773544,no
1764,67,0.9999997782773544,no
1765,62,0.9999997782773544,no
1766,22,0.9999997782773544,no
1767,29,0.9999997782773544,no
1768,36,0.9999997782773544,no
1769,33,0.9999997782773544,no
1770,26,0.9999997782773544,no
1771,44,0.9999997782773544,no
1772,29,0.9999997782773544,no
1773,29,0.9999997782773544,no
1774,25,0.9999997782773544,no
1775,56,0.9999997782773544,no
1776,32,0.9999997782773544,no
1777,53,0.9999997782773544,no
1778,36,0.9999997782773544,no
1779,22,0.9999997782773544,no
1780,370,0.9889665031219385,yes
1781,33,0.9999997782773544,no
1782,25,0.9999997782773544,no
1783,28,0.9999997782773544,no
1784,25,0.9999997782773544,no
1785,25,0.9999997782773544,no
1786,26,0.9999997782773544,no
1787,50,0.9999977744380631,no
1788,24,0.9999997782773544,no
1789,25,0.9999997782773544,no
1790,26,0.9999997782773544,no
1791,31,0.9999997782773544,no
1792,94,0.9999997782773544,no
1793,61,0.9999997782773544,no
1794,96,0.9999997782773544,no
1795,217,0.9999997782773544,no
1796,521,0.9999997782773544,no
1797,56,0.9999997782773544,no
1798,69,0.9999997782773544,no
1799,159,0.9999997782773544,no
1800,142,0.9999997782773544,no
1801,149,0.9999997782773544,no
1802,47,0.9999977744380631,yes
1803,173,0.9999974604033113,yes
1804,100,0.9999997782773544,no
1805,136,0.9999977744380631,no
1806,98,0.9999997782773544,no
1807,60,0.9999997782773544,no
1808,351,0.9999997782773544,no
1809,37,0.9999997782773544,no
1810,37,0.9999977744380631,no
1811,54,0.9999997782773544,no
1812,44,0.9999997782773544,no
1813,35,0.9999997782773544,no
1814,24,0.9999997782773544,no
1815,65,0.9999977744380631,yes
1816,217,0.8332183851077258,yes
1817,177,0.9999997782773544,no
1818,59,0.9999997782773544,no
1819,68,0.9999997782773544,no
1820,156,0.9999997782773544,no
1821,114,0.9999623704355601,yes
1822,253,0.9999977744380631,no
1823,43,0.9999997782773544,no
1824,43,0.9999997782773544,no
1825,38,0.9999997782773544,no
1826,59,0.9999974604033113,yes
1827,64,0.9999997782773544,no
1828,124,0.9999997782773544,no
1829,47,0.9999997782773544,no
1830,189,0.9885777756746023,yes
1831,498,0.9876377069356754,yes
1832,74,0.9999974604033113,no
1833,34,0.9999977744380631,yes
1834,58,0.9999997782773544,no
1835,109,0.9999977744380631,no
1836,161,0.9999997782773544,no
1837,113,0.9999623704355601,yes
1838,536,0.8331035161333565,yes
1839,131,0.9999997782773544,no
1840,186,0.9999974604033113,yes
1841,51,0.9999997782773544,no
1842,375,0.9999997782773544,no
1843,53,0.9999977744380631,yes
1844,84,0.9999977744380631,yes
1845,30,0.9999997782773544,no
1846,377,0.9999977744380631,no
1847,40,0.9999997782773544,no
1848,813,0.9966146764592838,yes
1849,121,0.9999974604033113,yes
1850,183,0.9999997782773544,no
1851,32,0.9999997782773544,no
1852,32,0.9999997782773544,no
1853,26,0.9999997782773544,no
1854,174,0.9999997782773544,no
1855,31,0.9999997782773544,no
1856,24,0.9999997782773544,no
1857,34,0.9999997782773544,no
1858,123,0.9999977744380631,yes
1859,87,0.9999997782773544,no
1860,26,0.9999997782773544,no
1861,25,0.9999997782773544,no
1862,23,0.9999997782773544,no
1863,23,0.9999997782773544,no
1864,23,0.9999997782773544,no
1865,33,0.9999997782773544,no
1866,32,0.9999997782773544,no
1867,29,0.9999997782773544,no
1868,22,0.9999997782773544,no
1869,25,0.9999977744380631,no
1870,24,0.9999997782773544,no
1871,31,0.9999997782773544,no
1872,31,0.9999997782773544,no
1873,26,0.9999997782773544,no
1874,26,0.9999997782773544,no
1875,26,0.9999997782773544,no
1876,36,0.9999997782773544,no
1877,65,0.9999997782773544,no
1878,41,0.9999997782773544,no
1879,39,0.9999997782773544,no
1880,38,0.9999997782773544,no
1881,31,0.9999997782773544,no
1882,125,0.9999997782773544,no
1883,38,0.9999997782773544,no
1884,48,0.9999997782773544,no
1885,44,0.9999997782773544,no
1886,42,0.9999997782773544,no
1887,46,0.9999997782773544,no
1888,42,0.9999997782773544,no
1889,113,0.9999997782773544,no
1890,53,0.9999997782773544,no
1891,56,0.9999997782773544,no
1892,61,0.9999997782773544,no
1893,49,0.9999997782773544,no
1894,53,0.9999997782773544,no
1895,29,0.9999997782773544,no
1896,48,0.9999997782773544,no
1897,96,0.9999997782773544,no
1898,95,0.9999997782773544,no
1899,51,0.9999997782773544,no
1900,29,0.9999997782773544,no
1901,159,0.9999997782773544,no
1902,53,0.9999997782773544,no
1903,56,0.9999997782773544,no
1904,27,0.9999997782773544,no
1905,95,0.9999997782773544,no
1906,40,0.9999997782773544,no
1907,45,0.9999997782773544,no
1908,61,0.9999997782773544,no
1909,53,0.9999997782773544,no
1910,38,0.9999997782773544,no
1911,64,0.9999997782773544,no
1912,31,0.9999997782773544,no
1913,52,0.9999997782773544,no
1914,29,0.9999997782773544,no
1915,33,0.9999997782773544,no
1916,39,0.9999997782773544,no
1917,218,0.9999997782773544,no
1918,40,0.9999997782773544,no
1919,27,0.9999997782773544,no
1920,84,0.9999997782773544,no
1921,62,0.9999997782773544,no
1922,80,0.9999997782773544,no
1923,59,0.9999997782773544,no
1924,93,0.9999997782773544,no
1925,107,0.9999997782773544,no
1926,73,0.9999997782773544,no
1927,106,0.9999977744380631,yes
1928,76,0.9999997782773544,no
1929,92,0.9999997782773544,no
1930,24,0.9999997782773544,no
1931,33,0.9966146764592838,yes
1932,31,0.9999997782773544,no
1933,62,0.9966146764592838,yes
1934,77,0.9966146764592838,yes
1935,25,0.9999997782773544,no
1936,94,0.9885777756746023,yes
1937,201,0.9999997782773544,no
1938,171,0.9999997782773544,no
1939,198,0.9999974604033113,yes
1940,49,0.9999997782773544,no
1941,38,0.9999997782773544,no
1942,178,0.9999977744380631,no
1943,94,0.9999997782773544,no
1944,138,0.9999997782773544,no
1945,25,0.9999997782773544,no
1946,25,0.9999997782773544,no
1947,36,0.9999997782773544,no
1948,26,0.9999997782773544,no
1949,44,0.9999997782773544,no
1950,52,0.9999997782773544,no
1951,50,0.9999997782773544,no
1952,75,0.9999997782773544,no
1953,28,0.9999997782773544,no
1954,31,0.9999997782773544,no
1955,41,0.9999997782773544,no
1956,26,0.9999997782773544,no
1957,39,0.9999997782773544,no
1958,26,0.9999997782773544,no
1959,30,0.9999997782773544,no
1960,25,0.9999997782773544,no
1961,33,0.9999997782773544,no
1962,44,0.9999997782773544,no
1963,23,0.9999997782773544,no
1964,80,0.9999997782773544,no
1965,79,0.9999977744380631,no
1966,26,0.9999997782773544,no
1967,83,0.9999997782773544,no
1968,92,0.9999997782773544,no
1969,26,0.9999997782773544,no
1970,85,0.9999997782773544,no
1971,67,0.9999997782773544,no
1972,124,0.9999977744380631,no
1973,26,0.9999997782773544,no
1974,25,0.9999977744380631,no
1975,76,0.9999997782773544,no
1976,109,0.9999997782773544,no
1977,24,0.9999997782773544,no
1978,27,0.9999997782773544,no
1979,47,0.9999997782773544,no
1980,185,0.9999997782773544,no
1981,96,0.9999997782773544,no
1982,97,0.9999997782773544,no
1983,23,0.9999997782773544,no
1984,154,0.9999997782773544,no
1985,47,0.9999997782773544,no
1986,176,0.9999977744380631,no
1987,36,0.9999997782773544,no
1988,32,0.9999997782773544,no
1989,30,0.9999997782773544,no
1990,37,0.9999997782773544,no
1991,33,0.9999997782773544,no
1992,32,0.9999997782773544,no
1993,289,0.9999977744380631,no
1994,66,0.9999997782773544,no
1995,425,0.9966146764592838,yes
1996,733,0.9999997782773544,no
1997,147,0.9999997782773544,no
1998,47,0.9999977744380631,yes
1999,171,0.9999974604033113,yes
2000,92,0.9999997782773544,no
2001,44,0.9999997782773544,no
2002,34,0.9999997782773544,no
2003,359,0.9999997782773544,no
2004,60,0.9999997782773544,no
2005,28,0.9999997782773544,no
2006,50,0.9999997782773544,no
2007,35,0.9999997782773544,no
2008,142,0.9966146764592838,yes
2009,5,0.9876377069356754,yes
2010,261,0.9966146764592838,yes
2011,166,0.9999997782773544,no
2012,131,0.9999997782773544,no
2013,116,0.9999997782773544,no
2014,58,0.9999997782773544,no
2015,75,0.9999997782773544,no
2016,33,0.9999997782773544,no
2017,30,0.9999997782773544,no
2018,41,0.9999997782773544,no
2019,201,0.9999997782773544,no
2020,55,0.9999997782773544,no
2021,367,0.9999997782773544,no
2022,10,0.9999997782773544,no
2023,132,0.9999997782773544,no
2024,40,0.9999997782773544,no
2025,38,0.9999997782773544,no
2026,23,0.9999997782773544,no
2027,393,0.9999997782773544,no
2028,106,0.9999974604033113,no
2029,57,0.9999997782773544,no
2030,57,0.9999974604033113,no
2031,57,0.9999997782773544,no
2032,34,0.9999974604033113,no
2033,178,0.9999997782773544,no
2034,20,0.9999997782773544,no
2035,34,0.9999997782773544,no
2036,86,0.9999997782773544,no
2037,67,0.9999997782773544,no
2038,69,0.9999997782773544,no
2039,77,0.9999997782773544,no
2040,83,0.9999997782773544,no
2041,48,0.9999997782773544,no
2042,85,0.9999997782773544,no
2043,41,0.9999997782773544,no
2044,90,0.9999997782773544,no
2045,202,0.9999997782773544,no
2046,135,0.9999997782773544,no
2047,30,0.9999997782773544,no
2048,29,0.9999997782773544,no
2049,69,0.9999997782773544,no
2050,52,0.9999997782773544,no
2051,89,0.9999997782773544,no
2052,31,0.9999997782773544,no
2053,233,0.9999997782773544,no
2054,40,0.9999997782773544,no
2055,162,0.9999997782773544,no
2056,40,0.9999997782773544,no
2057,32,0.9999997782773544,no
2058,162,0.9999997782773544,no
2059,41,0.9999997782773544,no
2060,10,0.9999997782773544,no
2061,23,0.9999997782773544,no
2062,391,0.9999997782773544,no
2063,87,0.9999974604033113,no
2064,253,0.9999974604033113,no
2065,37,0.9999997782773544,no
2066,32,0.9999997782773544,no
2067,44,0.9999997782773544,no
2068,28,0.9999997782773544,no
2069,94,0.9999974604033113,no
2070,7,0.9999997782773544,no
2071,139,0.9999997782773544,no
2072,131,0.9999997782773544,no
2073,149,0.9999997782773544,no
2074,86,0.9999997782773544,no
2075,52,0.9999997782773544,no
2076,88,0.9999997782773544,no
2077,42,0.9999997782773544,no
2078,32,0.9999997782773544,no
2079,40,0.9999997782773544,no
2080,51,0.9999997782773544,no
2081,81,0.9999997782773544,no
2082,35,0.9999997782773544,no
2083,55,0.9999997782773544,no
2084,46,0.9999997782773544,no
2085,46,0.9999997782773544,no
2086,27,0.9999997782773544,no
2087,12,0.9999997782773544,no
2088,48,0.9999997782773544,no
2089,317,0.9999997782773544,no
2090,29,0.9999997782773544,no
2091,14,0.9999997782773544,no
2092,83,0.9999997782773544,no
2093,54,0.9999997782773544,no
2094,83,0.9999997782773544,no
2095,40,0.9999997782773544,no
2096,32,0.9999997782773544,no
2097,40,0.9999997782773544,no
2098,50,0.9999997782773544,no
2099,81,0.9999997782773544,no
2100,35,0.9999997782773544,no
2101,54,0.9999997782773544,no
2102,46,0.9999997782773544,no
2103,46,0.9999997782773544,no
